0.000000000000000000e+00,5.000000000000000000e-01,6.015625000000000000e-01,7.031250000000000000e-01,8.046875000000000000e-01,9.062500000000000000e-01,1.007812500000000000e+00,1.109375000000000000e+00,1.210937500000000000e+00,1.312500000000000000e+00,1.414062500000000000e+00,1.515625000000000000e+00,1.617187500000000000e+00,1.718750000000000000e+00,1.820312500000000000e+00,1.921875000000000000e+00,2.023437500000000000e+00,2.125000000000000000e+00,2.226562500000000000e+00,2.328125000000000000e+00,2.429687500000000000e+00,2.531250000000000000e+00,2.632812500000000000e+00,2.734375000000000000e+00,2.835937500000000000e+00,2.937500000000000000e+00,3.039062500000000000e+00,3.140625000000000000e+00,3.242187500000000000e+00,3.343750000000000000e+00,3.445312500000000000e+00,3.546875000000000000e+00,3.648437500000000000e+00,3.750000000000000000e+00,3.851562500000000000e+00,3.953125000000000000e+00,4.054687500000000000e+00,4.156250000000000000e+00,4.257812500000000000e+00,4.359375000000000000e+00,4.460937500000000000e+00,4.562500000000000000e+00,4.664062500000000000e+00,4.765625000000000000e+00,4.867187500000000000e+00,4.968750000000000000e+00,5.070312500000000000e+00,5.171875000000000000e+00,5.273437500000000000e+00,5.375000000000000000e+00,5.476562500000000000e+00,5.578125000000000000e+00,5.679687500000000000e+00,5.781250000000000000e+00,5.882812500000000000e+00,5.984375000000000000e+00,6.085937500000000000e+00,6.187500000000000000e+00,6.289062500000000000e+00,6.390625000000000000e+00,6.492187500000000000e+00,6.593750000000000000e+00,6.695312500000000000e+00,6.796875000000000000e+00,6.898437500000000000e+00,7.000000000000000000e+00
0.000000000000000000e+00,0.000000000000000000e+00,0.000000000000000000e+00,0.000000000000000000e+00,0.000000000000000000e+00,0.000000000000000000e+00,0.000000000000000000e+00,0.000000000000000000e+00,0.000000000000000000e+00,0.000000000000000000e+00,0.000000000000000000e+00,0.000000000000000000e+00,0.000000000000000000e+00,0.000000000000000000e+00,0.000000000000000000e+00,0.000000000000000000e+00,0.000000000000000000e+00,0.000000000000000000e+00,0.000000000000000000e+00,0.000000000000000000e+00,0.000000000000000000e+00,0.000000000000000000e+00,0.000000000000000000e+00,0.000000000000000000e+00,0.000000000000000000e+00,0.000000000000000000e+00,0.000000000000000000e+00,0.000000000000000000e+00,0.000000000000000000e+00,0.000000000000000000e+00,0.000000000000000000e+00,0.000000000000000000e+00,0.000000000000000000e+00,0.000000000000000000e+00,0.000000000000000000e+00,0.000000000000000000e+00,0.000000000000000000e+00,0.000000000000000000e+00,0.000000000000000000e+00,0.000000000000000000e+00,0.000000000000000000e+00,0.000000000000000000e+00,0.000000000000000000e+00,0.000000000000000000e+00,0.000000000000000000e+00,0.000000000000000000e+00,0.000000000000000000e+00,0.000000000000000000e+00,0.000000000000000000e+00,0.000000000000000000e+00,0.000000000000000000e+00,0.000000000000000000e+00,0.000000000000000000e+00,0.000000000000000000e+00,0.000000000000000000e+00,0.000000000000000000e+00,0.000000000000000000e+00,0.000000000000000000e+00,0.000000000000000000e+00,0.000000000000000000e+00,0.000000000000000000e+00,0.000000000000000000e+00,0.000000000000000000e+00,0.000000000000000000e+00,0.000000000000000000e+00,0.000000000000000000e+00
3.333333333333333547e-03,2.554231147691203140e-03,3.690909565344826972e-03,5.032135874771888687e-03,6.575392628959869645e-03,8.317802281376709267e-03,1.025614035772882786e-02,1.238685018338672554e-02,1.470605884765942284e-02,1.720959435748370750e-02,1.989300383440791020e-02,2.275157260904478451e-02,2.578034405633073539e-02,2.897413997308498357e-02,3.232758163900389947e-02,3.583511077502238990e-02,3.949101110481707810e-02,4.328942954779491786e-02,4.722439759010466781e-02,5.128985220414445517e-02,5.547965670122000786e-02,5.978762063484174827e-02,6.420751964684877355e-02,6.873311429967202124e-02,7.335816839480248375e-02,7.807646627259895444e-02,8.288182939462228338e-02,8.776813204420243208e-02,9.272931580618080927e-02,9.775940340684684260e-02,1.028525112256974405e-01,1.080028611333537503e-01,1.132047908586940321e-01,1.184527642546146786e-01,1.237413740317903771e-01,1.290653713968769878e-01,1.344196329630437947e-01,1.397992043501500303e-01,1.451992861761070008e-01,1.506152437276837563e-01,1.560426034147455177e-01,1.614770624671307275e-01,1.669144917560205499e-01,1.723509284693502674e-01,1.777825817428094757e-01,1.832058303806728128e-01,1.886172250756709967e-01,1.940134835270188318e-01,1.993914862235219854e-01,2.047482832094421890e-01,2.100810841870076884e-01,2.153872542636798004e-01,2.206643155752373020e-01,2.259099411625519749e-01,2.311219510061320315e-01,2.362983082933763357e-01,2.414371161998110915e-01,2.465366112520569197e-01,2.515951607131985956e-01,2.566112726199001881e-01,2.615835205428667098e-01,2.665106787371998576e-01,2.713915749426177859e-01,2.762251621630639753e-01,2.810104955517191971e-01,2.857467228181996832e-01
6.666666666666667095e-03,5.108517786354477112e-03,7.381898500508759890e-03,1.006437864142219543e-02,1.315092294374227595e-02,1.663577580290277400e-02,2.051248774082580634e-02,2.477394472026486771e-02,2.941240006589695630e-02,3.441950872516425647e-02,3.978636360568744285e-02,4.550353365019501467e-02,5.156110344214703822e-02,5.794871397608430952e-02,6.465560428616107247e-02,7.167065370482694764e-02,7.898242443325569073e-02,8.657920412047914738e-02,9.444904821854087362e-02,1.025798218614720342e-01,1.109592410250154898e-01,1.195749129809769717e-01,1.284143742901658336e-01,1.374651307532937239e-01,1.467146920422553180e-01,1.561506054241634522e-01,1.657604928088393659e-01,1.755320766379142305e-01,1.854532139618081110e-01,1.955119202335364736e-01,2.056963991144850901e-01,2.159950534535711175e-01,2.263965294450752952e-01,2.368897138777960043e-01,2.474637609575294217e-01,2.581081086805990243e-01,2.688124885472888415e-01,2.795669401091459561e-01,2.903618191414533145e-01,3.011878058659528956e-01,3.120359125605119965e-01,3.228974867018974404e-01,3.337642160419472259e-01,3.446281291599245789e-01,3.554815977757573853e-01,3.663173332381506886e-01,3.771283905251460733e-01,3.879081585353109096e-01,3.986503621618550652e-01,4.093490536287934245e-01,4.199986118163080984e-01,4.305937321874135915e-01,4.411294224656006069e-01,4.516009986254189146e-01,4.620040578376634066e-01,4.723345109549167975e-01,4.825885318721990225e-01,4.927625730215411948e-01,5.028533497052406487e-01,5.128578307088230703e-01,5.227732285569812731e-01,5.325970040325278543e-01,5.423268763708994911e-01,5.519606187185565060e-01,5.614964231536575534e-01,5.709326030956396458e-01
1.000000000000000021e-02,7.662915413414287356e-03,1.107304618230276969e-02,1.509683520274818051e-02,1.972672860075663781e-02,2.495409180391814502e-02,3.076924918792034447e-02,3.716152798000779689e-02,4.411930605667023497e-02,5.163006314311696654e-02,5.968043526795247661e-02,6.825627159257381671e-02,7.734269361018035471e-02,8.692415601969316619e-02,9.698450890194816598e-02,1.075070607654552840e-01,1.184746420213802637e-01,1.298696685150526053e-01,1.416742046454332604e-01,1.538700258324394443e-01,1.664386798314325955e-01,1.793615469015474029e-01,1.926198972843520818e-01,2.061949491828070358e-01,2.200679213031395132e-01,2.342200857793740043e-01,2.486328167830444413e-01,2.632876495068442457e-01,2.781662651560512511e-01,2.932506490608067784e-01,3.085230703346711900e-01,3.239658827618735470e-01,3.395621316635368814e-01,3.552949947472963110e-01,3.711481051853845470e-01,3.871055136963963972e-01,4.031517109826038281e-01,4.192716433952126676e-01,4.354507301489620730e-01,4.516748775936731408e-01,4.679304790959364913e-01,4.842044429573669762e-01,5.004841790002506619e-01,5.167576113981117159e-01,5.330131839128522397e-01,5.492398334453439945e-01,5.654270407188357606e-01,5.815647751509466223e-01,5.976435149706136318e-01,6.136542367238320139e-01,6.295884080532644367e-01,6.454379784988452107e-01,6.611953707387133727e-01,6.768534668149563949e-01,6.924056147848502984e-01,7.078455828900589442e-01,7.231675766092463542e-01,7.383662188185823316e-01,7.534365363256889658e-01,7.683739383406471557e-01,7.831742142025291953e-01,7.978335159776746011e-01,8.123483421450180542e-01,8.267155217357439190e-01,8.409322145450682795e-01,8.549958794595542422e-01
1.333333333333333419e-02,1.021747953355623545e-02,1.476443200077481172e-02,2.012961247660707831e-02,2.630294731095432492e-02,3.327292156462545447e-02,4.102663177085001667e-02,4.954984436774064610e-02,5.882705920716454345e-02,6.884157767000102790e-02,7.957557480814675399e-02,9.101017490861709747e-02,1.031255299130483666e-01,1.159009000927553046e-01,1.293147363938055017e-01,1.433447639098771875e-01,1.579680657034177871e-01,1.731611670244091739e-01,1.889001189065149522e-01,2.051605800798274315e-01,2.219178983676331485e-01,2.391471905984724478e-01,2.568234186156136967e-01,2.749214645574633575e-01,2.934162023063590641e-01,3.122825663136259422e-01,3.314956170277660874e-01,3.510306019699637736e-01,3.708630175089872583e-01,3.909686583850688901e-01,4.113236718652913959e-01,4.319046053761670390e-01,4.526884478681630353e-01,4.736526761543923825e-01,4.947752458973297962e-01,5.160347638783808755e-01,5.374102898425282548e-01,5.588815611082201817e-01,5.804289222059831888e-01,6.020333600589968803e-01,6.236765192555128179e-01,6.453407186529641626e-01,6.670089339847334875e-01,6.886648570546737291e-01,7.102928484929369457e-01,7.318779531510373193e-01,7.534059287358858548e-01,7.748631850548410860e-01,7.962368316567748350e-01,8.175146452499126859e-01,8.386850549991485826e-01,8.597371837835409147e-01,8.806607357534186331e-01,9.014460838755326000e-01,9.220842062564347241e-01,9.425666743572367334e-01,9.628856521614751474e-01,9.830338786224449565e-01,1.003004616028751128e+00,1.022791682498196408e+00,1.042389404568281996e+00,1.061792606150893548e+00,1.080996587260812047e+00,1.099997119281840963e+00,1.118790383583380788e+00,1.137373041345830504e+00
1.666666666666666644e-02,1.277226566693441014e-02,1.845613536494125281e-02,2.516281740902689967e-02,3.287971681079950720e-02,4.159243639188889285e-02,5.128484260722296351e-02,6.193913834314124234e-02,7.353594203729950374e-02,8.605437243450034246e-02,9.947213826563712502e-02,1.137656321173181745e-01,1.289100278819823031e-01,1.448793786840577580e-01,1.616467275581070784e-01,1.791841947262355905e-01,1.974630968993177083e-01,2.164540436384495281e-01,2.361270410265301489e-01,2.564515985652498498e-01,2.773968194174526447e-01,2.989315088325111280e-01,3.210242632418915387e-01,3.436435647515805880e-01,3.667578693630739739e-01,3.903356922424266462e-01,4.143456889617778138e-01,4.387567324124005408e-01,4.635379860563029752e-01,4.886589717291561774e-01,5.140896345726162497e-01,5.398003991181199446e-01,5.657622315038473015e-01,5.919466835151655504e-01,6.183259351145198313e-01,6.448728528213221178e-01,6.715609786537479753e-01,6.983646537118318731e-01,7.252589517290944920e-01,7.522197538690041929e-01,7.792237589485401239e-01,8.062484977317021517e-01,8.332723538100824667e-01,8.602745600056976860e-01,8.872352176072433316e-01,9.141352941217727457e-01,9.409566230155737010e-01,9.676819054745472437e-01,9.942947023048478439e-01,1.020779427470548839e+00,1.047121342524214516e+00,1.073306530022431815e+00,1.099321917068827981e+00,1.125155202157085421e+00,1.150794901509313073e+00,1.176230284988709851e+00,1.201451384671418765e+00,1.226448956978291704e+00,1.251214475759025113e+00,1.275740107719323779e+00,1.300018653156760351e+00,1.324043621961079831e+00,1.347809090541578714e+00,1.371309751931558685e+00,1.394540915645875012e+00,1.417498284598689207e+00
2.000000000000000042e-02,1.532732935273872603e-02,2.214823571459727594e-02,3.019655698097215013e-02,3.945717488108694410e-02,4.991280766233387178e-02,6.154408887708589376e-02,7.432965442972191972e-02,8.824623709035643582e-02,1.032687676350888123e-01,1.193704817464797813e-01,1.365230317862128340e-01,1.546966025530571442e-01,1.738600301445689389e-01,1.939809230509810523e-01,2.150257847957473267e-01,2.369601365265603388e-01,2.597486409622955517e-01,2.833552235811073183e-01,3.077431937604314105e-01,3.328753630917582473e-01,3.587141613752519720e-01,3.852217493727150277e-01,4.123601280732189234e-01,4.400912439501175610e-01,4.683770901521823737e-01,4.971798031248177985e-01,5.264617545020672251e-01,5.561856383087390165e-01,5.863145528937588891e-01,6.168120656724068729e-01,6.476423521961297558e-01,6.787701128747112289e-01,7.101607687108429934e-01,7.417806131244107926e-01,7.735964675658526524e-01,8.055762204631297108e-01,8.376885002178749984e-01,8.699029126653776700e-01,9.021899964215317480e-01,9.345212635311977989e-01,9.668692271490511025e-01,9.992074055841159153e-01,1.031510357597814398e+00,1.063753686665574349e+00,1.095914039159500586e+00,1.127969118900564505e+00,1.159897682046105327e+00,1.191679538968965391e+00,1.223295541606756798e+00,1.254727579912652047e+00,1.285958570051200844e+00,1.316972435089993176e+00,1.347754112654645287e+00,1.378289492332355204e+00,1.408565436227816159e+00,1.438569745520532850e+00,1.468291120794507743e+00,1.497719184197821241e+00,1.526844379902693172e+00,1.555658056555275781e+00,1.584152211146871769e+00,1.612319840081874123e+00,1.640154567568608446e+00,1.667650772471628073e+00,1.694803506764203327e+00
2.333333333333333440e-02,1.788272615392040576e-02,2.584081251759818079e-02,3.523093821811441179e-02,4.603545935841451414e-02,5.823420680884394685e-02,7.180457783833969765e-02,8.672163724211844060e-02,1.029582270143098582e-01,1.204850834289204614e-01,1.392709614430195919e-01,1.592827625475529973e-01,1.804856697470419713e-01,2.028432838928259652e-01,2.263177633842876624e-01,2.508699648531747539e-01,2.764595848435208447e-01,3.030453008823087435e-01,3.305849116114163988e-01,3.590354751011425316e-01,3.883534447773835940e-01,4.184948022807380430e-01,4.494151868761233626e-01,4.810700208430324643e-01,5.134146306568344587e-01,5.464043633929254185e-01,5.799946982797238304e-01,6.141413531794546188e-01,6.488003857743352976e-01,6.839282892873858044e-01,7.194820761557225719e-01,7.554193980096595151e-01,7.916985279573366396e-01,8.282786238914242594e-01,8.651195363605551636e-01,9.021821045424494034e-01,9.394280609687487571e-01,9.768201993917078330e-01,1.014322283550118442e+00,1.051899340201585709e+00,1.089517284472392156e+00,1.127143349652034443e+00,1.164745917165141309e+00,1.202294600074099495e+00,1.239760141862756404e+00,1.277114664689149137e+00,1.314331455733697585e+00,1.351385061341147109e+00,1.388251300371522223e+00,1.424907221443028282e+00,1.461331128255985323e+00,1.497502599600109230e+00,1.533402349234124440e+00,1.569012396301605605e+00,1.604315823068670044e+00,1.639297016189498413e+00,1.673941438628248957e+00,1.708235658543610702e+00,1.742167375546520791e+00,1.775725308084676435e+00,1.808899250795148017e+00,1.841679905687894081e+00,1.874059051221887318e+00,1.906029436363476215e+00,1.937584422228615599e+00,1.968718586417033789e+00
2.666666666666666838e-02,2.043851166207196965e-02,2.953394528609368935e-02,4.026606819884092497e-02,5.261470814592319328e-02,6.655680534768999845e-02,8.206651684225632626e-02,9.911533149793581854e-02,1.176721945691081017e-01,1.377036406246271993e-01,1.591739336486074075e-01,1.820452131094244252e-01,2.062776447983524497e-01,2.318295738766306957e-01,2.586576888267669294e-01,2.867171657808909591e-01,3.159618413483377686e-01,3.463443638871917529e-01,3.778163519171283680e-01,4.103285489208012282e-01,4.438309756115529914e-01,4.782730788184687554e-01,5.136038753560397963e-01,5.497720949183010353e-01,5.867263138394303024e-01,6.244150875014992108e-01,6.627870747223560954e-01,7.017911611106737446e-01,7.413765677485150141e-01,7.814929777800146971e-01,8.220905642802216473e-01,8.631203530372000277e-01,9.045338069677596460e-01,9.462834468598992910e-01,9.883226301138630099e-01,1.030605703176441956e+00,1.073088077511508809e+00,1.115726299244376163e+00,1.158477999217401466e+00,1.201302192154113380e+00,1.244159065254449414e+00,1.287010153817225389e+00,1.329818356858989192e+00,1.372547955944054765e+00,1.415164649144065478e+00,1.457635581313854622e+00,1.499929336343548636e+00,1.542015978305605328e+00,1.583867031601255970e+00,1.625455519339781718e+00,1.666755894635578938e+00,1.707744135079875214e+00,1.748397626313377140e+00,1.788695220691912668e+00,1.828617189926008191e+00,1.868145205399056374e+00,1.907262332746598510e+00,1.945952956115958532e+00,1.984202834441293195e+00,2.021998929273490564e+00,2.059329578554662810e+00,2.096184199987763286e+00,2.132553402251480712e+00,2.168429213263389332e+00,2.203804244358582576e+00,2.238672566663562513e+00
3.000000000000000236e-02,2.299474150211694434e-02,3.322771357754514265e-02,4.530205406375895777e-02,5.919505922523205649e-02,7.488077488889290090e-02,9.233011334882468280e-02,1.115109820365461357e-01,1.323884226440086853e-01,1.549247593513359833e-01,1.790797547748206320e-01,2.048107726294297604e-01,2.320729432024561667e-01,2.608193379747052454e-01,2.910011394158589781e-01,3.225678175834890138e-01,3.554673015812913617e-01,3.896461686845740235e-01,4.250497879379994126e-01,4.616225178533352458e-01,4.993078610096244319e-01,5.380486291447824643e-01,5.777871026497111151e-01,6.184651852716697151e-01,6.600245540775383501e-01,7.024068074578183607e-01,7.455535867299766251e-01,7.894067582165127384e-01,8.339084594615958634e-01,8.790013080923650968e-01,9.246284788148464440e-01,9.707338139707857305e-01,1.017261921658298540e+00,1.064158311765367237e+00,1.111369452010012138e+00,1.158842878942023091e+00,1.206527275557950141e+00,1.254372559895660766e+00,1.302329940404043818e+00,1.350351984830348240e+00,1.398392698803699874e+00,1.446407552861847412e+00,1.494353601504118556e+00,1.542189402760409722e+00,1.589875178269209544e+00,1.637372786558301430e+00,1.684645763618283887e+00,1.731659336651739434e+00,1.778380440620089153e+00,1.824777792569120649e+00,1.870821732730712839e+00,1.916484418385288713e+00,1.961739686037264896e+00,2.006563101579584618e+00,2.050931919972799999e+00,2.094825046765765642e+00,2.138223125757000354e+00,2.181108292690839612e+00,2.223464432959123105e+00,2.265276736137488811e+00,2.306532184000885444e+00,2.347219040217134900e+00,2.387326922943036500e+00,2.426847305953029554e+00,2.465772300086542579e+00,2.504095623804832638e+00
3.333333333333333287e-02,2.555147133733525963e-02,3.692219700376331293e-02,5.033900302446196739e-02,6.577665066664285798e-02,8.320628715003164366e-02,1.025955749435094738e-01,1.239088338362364788e-01,1.471071942764775042e-01,1.721487604272054772e-01,1.989887813730014110e-01,2.275798289196815372e-01,2.578719804896778545e-01,2.898130056368893315e-01,3.233485550402885877e-01,3.584223497963585081e-01,3.949763721697934771e-01,4.329510533283923990e-01,4.722854604040078175e-01,5.129174802667024746e-01,5.547839999973804836e-01,5.978210834563649767e-01,6.419641428888379631e-01,6.871481074758787333e-01,7.333075847515664325e-01,7.803770178251191458e-01,8.282908415787640921e-01,8.769836218970451513e-01,9.263902033472392050e-01,9.764458344608494267e-01,1.027086366018671537e+00,1.078248207094851141e+00,1.129868667965497009e+00,1.181885914774527091e+00,1.234239143128657679e+00,1.286868658123442311e+00,1.339716048082003397e+00,1.392724133679811516e+00,1.445837203908398427e+00,1.499001025942514831e+00,1.552162941214596525e+00,1.605271935597079702e+00,1.658278706849458217e+00,1.711135726185254002e+00,1.763797294271640670e+00,1.816219590432393449e+00,1.868360698345632009e+00,1.920180682502063751e+00,1.971641550778885588e+00,2.022707357913670290e+00,2.073344147775690427e+00,2.123519994385661747e+00,2.173205010514652535e+00,2.222371323867482484e+00,2.270993070715115358e+00,2.319046380273327213e+00,2.366509350658396738e+00,2.413362010680749847e+00,2.459586302804648295e+00,2.505166009945808181e+00,2.550086741350933828e+00,2.594335855360224485e+00,2.637902426457155780e+00,2.680777157662218357e+00,2.722952403437197688e+00,2.764421936422763348e+00
3.666666666666666685e-02,2.810875687383288316e-02,4.061747523691017214e-02,5.537702237282387391e-02,7.235962064089709878e-02,9.153351396956099784e-02,1.128631092086856968e-01,1.363091320305673815e-01,1.618287926500986962e-01,1.893759647030862081e-01,2.189013700723182743e-01,2.503527720631759657e-01,2.836751722178454393e-01,3.188110118549380423e-01,3.557003748659892661e-01,3.942811913110172983e-01,4.344894404124462484e-01,4.762593522792627487e-01,5.195236068494586412e-01,5.642135266437016128e-01,6.102592843612699713e-01,6.575900599514966638e-01,7.061342554827532147e-01,7.558196550566631533e-01,8.065736094365324460e-01,8.583232084665549655e-01,9.109953806954937949e-01,9.645171909141271316e-01,1.018815813300424145e+00,1.073819021469929025e+00,1.129454714924299941e+00,1.185651703511090727e+00,1.242339510211390330e+00,1.299448571558304399e+00,1.356910367366033432e+00,1.414657541803547858e+00,1.472624024501167916e+00,1.530745162054430120e+00,1.588957783281276237e+00,1.647200353492851432e+00,1.705413048111387164e+00,1.763537868153345345e+00,1.821518690618014302e+00,1.879301381990208908e+00,1.936833864462745636e+00,1.994066249546808001e+00,2.050950723049511648e+00,2.107441786218781310e+00,2.163496213867213580e+00,2.219073101122451153e+00,2.274133895930387617e+00,2.328642402306717596e+00,2.382564882072003787e+00,2.435869860772218676e+00,2.488528339695532665e+00,2.540513635174502127e+00,2.591801427514687894e+00,2.642369688279996520e+00,2.692198713089347439e+00,2.741270847379544850e+00,2.789570831727083533e+00,2.837085382841049164e+00,2.883803262415696178e+00,2.929715218382931585e+00,2.974813881666857451e+00,3.019093733532581147e+00
4.000000000000000083e-02,3.066665386561044648e-02,4.431362801665508083e-02,6.041621948890817106e-02,7.894410743036722744e-02,9.986262732034197065e-02,1.231329244521224275e-01,1.487121219319779697e-01,1.765535012178791607e-01,2.066066932169105530e-01,2.388178779514000261e-01,2.731299908780971397e-01,3.094829339485056230e-01,3.478137900587667253e-01,3.880570382779442440e-01,4.301447701786102473e-01,4.740069043169397589e-01,5.195713988945757089e-01,5.667644613612260462e-01,6.155107544088552762e-01,6.657335980108900486e-01,7.173551641058791839e-01,7.702966799763154571e-01,8.244785970548542675e-01,8.798207938011618490e-01,9.362427417523715434e-01,9.936636897158772630e-01,1.052002816891104642e+00,1.111179431500164849e+00,1.171113125968191948e+00,1.231723831477341990e+00,1.292932212136281622e+00,1.354659582538336515e+00,1.416828169107036350e+00,1.479361258006034907e+00,1.542183304136927724e+00,1.605220050519369002e+00,1.668398836906647364e+00,1.731648481110666049e+00,1.794899586450276807e+00,1.858084607204252059e+00,1.921137993127713495e+00,1.983996284327461668e+00,2.046598227460066699e+00,2.108884890210408258e+00,2.170799743519190361e+00,2.232288732617878413e+00,2.293300412305333769e+00,2.353785940132606225e+00,2.413699185771915445e+00,2.472996768613404228e+00,2.531638064682388833e+00,2.589585270916852089e+00,2.646803388501099974e+00,2.703260241618051563e+00,2.758926446974343083e+00,2.813775419421565172e+00,2.867783298232206679e+00,2.920928939634661159e+00,2.973193816419460234e+00,3.024562037013196925e+00,3.075020156736996135e+00,3.124557197189142155e+00,3.173164484562521537e+00,3.220835598617886042e+00,3.267566207786902766e+00
4.333333333333333481e-02,3.322521811930403274e-02,4.801073515630094324e-02,6.545670185058609369e-02,8.553024944135823038e-02,1.081937993232363338e-01,1.334052282995632499e-01,1.611180490345386074e-01,1.912816035069749010e-01,2.238412672079868326e-01,2.587386618621261292e-01,2.959118744433699155e-01,3.352956814720394196e-01,3.768217735959251691e-01,4.204189839058256051e-01,4.660135138284142720e-01,5.135291575474761894e-01,5.628875238411826798e-01,6.140082541616525003e-01,6.668092365739808347e-01,7.212068151325281562e-01,7.771159946716175160e-01,8.344506407665689407e-01,8.931236753155561425e-01,9.530472670284715342e-01,1.014133014619456707e+00,1.076292177873031441e+00,1.139435709939773389e+00,1.203474675766899260e+00,1.268320185523992283e+00,1.333883751675005946e+00,1.400077365722985245e+00,1.466813639022410021e+00,1.534006125154374844e+00,1.601569330102246447e+00,1.669418953926048221e+00,1.737472074103021402e+00,1.805647259208443600e+00,1.873864792515970823e+00,1.942046773574145346e+00,2.010117343576339533e+00,2.078002828949893743e+00,2.145631765246489131e+00,2.212935286881400732e+00,2.279847045575833508e+00,2.346303431472775980e+00,2.412243684893714324e+00,2.477609994210104638e+00,2.542347604080155143e+00,2.606404900099422495e+00,2.669733437065638704e+00,2.732288075712394182e+00,2.794026945679731977e+00,2.854911514072915768e+00,2.914906567151563710e+00,2.973980238456596759e+00,3.032103939426072259e+00,3.089252364871623247e+00,3.145403410611284922e+00,3.200538111726098478e+00,3.254640571589223264e+00,3.307697855794544672e+00,3.359699878415745911e+00,3.410639293048030929e+00,3.460511522304533294e+00,3.509314208703877114e+00
4.666666666666666879e-02,3.578450549893321536e-02,5.170887655031829871e-02,7.049857704367452904e-02,9.211818521154037376e-02,1.165272022602831109e-01,1.436802291332971160e-01,1.735271591349336617e-01,2.060133833587751151e-01,2.410800081440588050e-01,2.786640791635671133e-01,3.186988126640840080e-01,3.611138303570503583e-01,4.058353956007033636e-01,4.527866500596998134e-01,5.018878486879819745e-01,5.530565920920338385e-01,6.062080551338171475e-01,6.612552112475299504e-01,7.181090518424582125e-01,7.766788040516648950e-01,8.368721328085190203e-01,8.985953391246830346e-01,9.617536017461921771e-01,1.026251121071281469e+00,1.091991341580793140e+00,1.158877144256573510e+00,1.226810996274948717e+00,1.295695246264330969e+00,1.365432178107029548e+00,1.435924273562779963e+00,1.507074408980398017e+00,1.578786024942157473e+00,1.650963326027037104e+00,1.723511479673358826e+00,1.796336811622198493e+00,1.869347007262386784e+00,1.942451310591895908e+00,2.015560732299472413e+00,2.088588242872903677e+00,2.161448982123125084e+00,2.234060446116066689e+00,2.306342689674324209e+00,2.378218514578800402e+00,2.449613650696832234e+00,2.520456899850918475e+00,2.590680353210215614e+00,2.660219478970636153e+00,2.729013309302515733e+00,2.797004501194442216e+00,2.864139490667845678e+00,2.930368530582396325e+00,2.995645776058359910e+00,3.059929311253067219e+00,3.123181158051355766e+00,3.185367305644042357e+00,3.246457614312399098e+00,3.306425981953189819e+00,3.365249841443536560e+00,3.422910532072865664e+00,3.479392957192026792e+00,3.534685508652786190e+00,3.588779823758316834e+00,3.641671196928296439e+00,3.693357246520851067e+00,3.743839144638064109e+00
5.000000000000000278e-02,3.834457193085785004e-02,5.540813218074248231e-02,7.554195276591046948e-02,9.870805342601285393e-02,1.248630085891149905e-01,1.539581353958420773e-01,1.859396979942366246e-01,2.207491248463836486e-01,2.583232377318335771e-01,2.985944872082547108e-01,3.414911946608488735e-01,3.869377964587266683e-01,4.348550891983816169e-01,4.851604745687245202e-01,5.377682002487341739e-01,5.925895982310254162e-01,6.495333179065135853e-01,7.085055540332405588e-01,7.694102691605170241e-01,8.321494106827878046e-01,8.966231229027022964e-01,9.627299528821499086e-01,1.030367060749414199e+00,1.099430394738400318e+00,1.169814925006430695e+00,1.241414853656581663e+00,1.314123717192965390e+00,1.387834700192123849e+00,1.462440773808751926e+00,1.537834914956167642e+00,1.613910327177441983e+00,1.690560628813764676e+00,1.767680089435439195e+00,1.845163831602701254e+00,1.922908208918507444e+00,2.000810713190939616e+00,2.078770562887992668e+00,2.156688789691675989e+00,2.234468536465048061e+00,2.312015046509617644e+00,2.389236525079881712e+00,2.466043742131820427e+00,2.542350608960074698e+00,2.618074344417718802e+00,2.693135690677208149e+00,2.767459166222434597e+00,2.840973181293839911e+00,2.913610305695266245e+00,2.985307376744458008e+00,3.056005474986504655e+00,3.125650812065198014e+00,3.194193330878854820e+00,3.261588200600000320e+00,3.327795124643783797e+00,3.392778476442620761e+00,3.456507339277799851e+00,3.518955271014903907e+00,3.580100392349045979e+00,3.639925305612993434e+00,3.698416308706969691e+00,3.755564614459868444e+00,3.811364725536488418e+00,3.865815034262517269e+00,3.918917363667453024e+00,3.970676826067595755e+00
5.333333333333333676e-02,4.090547340849470109e-02,5.910858212383107019e-02,8.058693684797058054e-02,1.052999929239783611e-01,1.332013909556309106e-01,1.642391557487990206e-01,1.983559118192073645e-01,2.354891122734507347e-01,2.755712780072785972e-01,3.185302439112023820e-01,3.642894103590051391e-01,4.127679953676905988e-01,4.638812872864832570e-01,5.175408947903282764e-01,5.736549929649499280e-01,6.321285643726111125e-01,6.928636341419583955e-01,7.557594989520221018e-01,8.207129491958633505e-01,8.876184797525409342e-01,9.563685314748791022e-01,1.026853637015249232e+00,1.098962681157851895e+00,1.172583079651560389e+00,1.247600977065220773e+00,1.323901463861232752e+00,1.401368720334018603e+00,1.479886344997380254e+00,1.559337373560958806e+00,1.639604915288969345e+00,1.720571662025311532e+00,1.802120845217945133e+00,1.884136112671907837e+00,1.966501865588120346e+00,2.049103525778761092e+00,2.131827862587420519e+00,2.214563183069372609e+00,2.297199679529515759e+00,2.379629914706657523e+00,2.461748731080353192e+00,2.543453947494392686e+00,2.624646504754209797e+00,2.705230851519900614e+00,2.785114961924259447e+00,2.864211234810441375e+00,2.942436124616527593e+00,3.019710776193774482e+00,3.095961117550123820e+00,3.171118126267396420e+00,3.245117986125246379e+00,3.317902210185449619e+00,3.389417774472820444e+00,3.459617192968313049e+00,3.528458432052496097e+00,3.595905145707027017e+00,3.661926372335143398e+00,3.726496545732645771e+00,3.789595433133368996e+00,3.851207812953592491e+00,3.911323534548090564e+00,3.969936950585647661e+00,4.027047045363702615e+00,4.082656905532937586e+00,4.136773556224313531e+00,4.189407556424395551e+00
5.666666666666667074e-02,4.346726599727483015e-02,6.281030655791199069e-02,8.563363724365867513e-02,1.118941427201227135e-01,1.415425222287170215e-01,1.745234990883396675e-01,2.107760471140409098e-01,2.502336302217683661e-01,2.928244510113036103e-01,3.384717071128437449e-01,3.870938497077658358e-01,4.386048431595386266e-01,4.929144225782369770e-01,5.499283475199687743e-01,6.095486501722280348e-01,6.716738768890634370e-01,7.361993225188729895e-01,8.030172569875324573e-01,8.720171447022180278e-01,9.430858573212189677e-01,1.016107865121750109e+00,1.090965516497835353e+00,1.167539089114602024e+00,1.245707114616029232e+00,1.325346556724381841e+00,1.406332974662676705e+00,1.488540757031767692e+00,1.571843334972702566e+00,1.656113398838885198e+00,1.741223150905555350e+00,1.827044537705374783e+00,1.913449533730125829e+00,2.000310403000626902e+00,2.087500013835982937e+00,2.174892159071188491e+00,2.262361852767663883e+00,2.349785749641827959e+00,2.437042436919983679e+00,2.524012741317962494e+00,2.610580697248735760e+00,2.696632746076601972e+00,2.782059323495863712e+00,2.866754700213875129e+00,2.950617403465897848e+00,3.033550673567806832e+00,3.115462782141900533e+00,3.196267365578507214e+00,3.275883731214867645e+00,3.354237117136750435e+00,3.431258915285750000e+00,3.506886852134769139e+00,3.581065107587622531e+00,3.653744470879551898e+00,3.724882043036442436e+00,3.794441730303072191e+00,3.862393990634290120e+00,3.928715172563996827e+00,3.993388068748976227e+00,4.056401296188446359e+00,4.117748849850278781e+00,4.177431297595472159e+00,4.235452361387169518e+00,4.291821678753037439e+00,4.346553091340582320e+00,4.399664146085050298e+00
6.000000000000000472e-02,4.603000583946700169e-02,6.651338576857514229e-02,9.068216205642352923e-02,1.184906419970058605e-01,1.498865754097793712e-01,1.848113744204250564e-01,2.232003507376214557e-01,2.649829636073851025e-01,3.100830795087703429e-01,3.584192351594387427e-01,4.099049028597089306e-01,4.644487548094479168e-01,5.219549276344659372e-01,5.823232689916933991e-01,6.454495939975304353e-01,7.112259200612023324e-01,7.795406980426898835e-01,8.502790334761973767e-01,9.233229009051425740e-01,9.985513539345475253e-01,1.075840677773000520e+00,1.155064691836174662e+00,1.236094804933486335e+00,1.318800375188787344e+00,1.403048689658055626e+00,1.488705350288020091e+00,1.575634416213057998e+00,1.663698614789830277e+00,1.752759597237081302e+00,1.842678183580781059e+00,1.933314639502049737e+00,2.024528970868959110e+00,2.116181243408971735e+00,2.208131928085804496e+00,2.300242274979978241e+00,2.392374704933565077e+00,2.484393229618727883e+00,2.576163912565439418e+00,2.667555308548673842e+00,2.758438968006606373e+00,2.848689922868305135e+00,2.938187170420662575e+00,3.026814318820093774e+00,3.114459478257446623e+00,3.201016924614484616e+00,3.286386295266049196e+00,3.370473722036411157e+00,3.453192027155574717e+00,3.534460971925403427e+00,3.614207740143195124e+00,3.692366934847585380e+00,3.768880820645232443e+00,3.843699430661115635e+00,3.916780472777136701e+00,3.988089386519333868e+00,4.057599090482290727e+00,4.125289910947874006e+00,4.191149029861986897e+00,4.255170885594607988e+00,4.317355745546764823e+00,4.377710169737161650e+00,4.436246438520774937e+00,4.492981677057523271e+00,4.547937313795971548e+00,4.601139968440426387e+00
6.333333333333333870e-02,4.859374915906541220e-02,7.021790015668109841e-02,9.573261953922344858e-02,1.250896301354774975e-01,1.582337238556013326e-01,1.951029915748888344e-01,2.356290687958278451e-01,2.797373976365923887e-01,3.273474862776122873e-01,3.783731863694815289e-01,4.327229601749952304e-01,4.903001489374501642e-01,5.510032348060868168e-01,6.147260948092172494e-01,6.813582452843671700e-01,7.507850757915507378e-01,8.228880718113054105e-01,8.975450353451223107e-01,9.746302476391771608e-01,1.054014742607544353e+00,1.135566410035787399e+00,1.219150230103337451e+00,1.304628432319457243e+00,1.391860680870858458e+00,1.480704314758662266e+00,1.571014392890901945e+00,1.662644127104886849e+00,1.755444914262920264e+00,1.849266700949432796e+00,1.943958167075533927e+00,2.039367151074265028e+00,2.135340807201416169e+00,2.231726126005248112e+00,2.328370249030430106e+00,2.425120912442393362e+00,2.521826964739017907e+00,2.618338818007749591e+00,2.714508993768590450e+00,2.810192817292746170e+00,2.905248802899341509e+00,2.999539328659791781e+00,3.092931487823042946e+00,3.185297439728580926e+00,3.276515069996682961e+00,3.366468746597751860e+00,3.455049694607261301e+00,3.542156693613620622e+00,3.627696292385401478e+00,3.711583457627388061e+00,3.793742040119623127e+00,3.874104291812476397e+00,3.952611956502932511e+00,4.029215612009382497e+00,4.103874990265424572e+00,4.176558822319045738e+00,4.247244486283066500e+00,4.315917834808653986e+00,4.382572802895111863e+00,4.447210841802650805e+00,4.509840666059457881e+00,4.570477938861541745e+00,4.629142618688103283e+00,4.685862821986876092e+00,4.740669541173470058e+00,4.793598720150583858e+00
6.666666666666666574e-02,5.115855226671106593e-02,7.392393024517958378e-02,1.007851181068433327e-01,1.316912467164471634e-01,1.665841410822538060e-01,2.053985598366484810e-01,2.480624507979602988e-01,2.944972178548084241e-01,3.446179945225679719e-01,3.983339197890159999e-01,4.555484122387061241e-01,5.161594389526560356e-01,5.800597762429138271e-01,6.471372599234310741e-01,7.172750235012689268e-01,7.903517253580242263e-01,8.662417512350382154e-01,9.448154317145904812e-01,1.025939213532372385e+00,1.109475843616138491e+00,1.195284541006064627e+00,1.283221163599217007e+00,1.373138370662866814e+00,1.464885777229055774e+00,1.558310226937649201e+00,1.653255779153359750e+00,1.749564125316016350e+00,1.847074725080370516e+00,1.945625048181568673e+00,2.045050904998357399e+00,2.145186736057035581e+00,2.245866013563042607e+00,2.346921698027399916e+00,2.448186539420580843e+00,2.549493782718416757e+00,2.650677621662661743e+00,2.751573813313719086e+00,2.852020412415178008e+00,2.951858385050529332e+00,3.050932427726774865e+00,3.149091534461913255e+00,3.246190157567949264e+00,3.342088598661135279e+00,3.436653960261308427e+00,3.529760882952517775e+00,3.621292199565958381e+00,3.711139696875381144e+00,3.799204201339996700e+00,3.885396975247868312e+00,3.969639180177020776e+00,4.051862593690728431e+00,4.132009464311743763e+00,4.210033165894548013e+00,4.285897105195208390e+00,4.359575312602695263e+00,4.431052027080499833e+00,4.500320011300454226e+00,4.567382645897087201e+00,4.632250620848487266e+00,4.694942782397667713e+00,4.755485001515308063e+00,4.813909611297177982e+00,4.870254300696855942e+00,4.924561934397025276e+00,4.976879275829391602e+00
7.000000000000000666e-02,5.372447156457939299e-02,7.763155668578725077e-02,1.058397663434513941e-01,1.382956315341765385e-01,1.749380008839347411e-01,2.156982893273985125e-01,2.605007422966485464e-01,3.092627101600922690e-01,3.618949278333377095e-01,4.183017945025043205e-01,4.783816498697962549e-01,5.420270418495336529e-01,6.091249838645196313e-01,6.795571985741687415e-01,7.532003466644074940e-01,8.299262398552954556e-01,9.096020381129275023e-01,9.920904315165626208e-01,1.077249810559021137e+00,1.164934419964765766e+00,1.254994511941003754e+00,1.347276492832341521e+00,1.441623052335217148e+00,1.537873377882040371e+00,1.635863191468595712e+00,1.735425054654053723e+00,1.836388519854775359e+00,1.938580294265893622e+00,2.041824671306827987e+00,2.145943672945954450e+00,2.250757492573035368e+00,2.356084894029380372e+00,2.461743694016868211e+00,2.567551319660585474e+00,2.673325215762027973e+00,2.778883963682904579e+00,2.884047546676611784e+00,2.988638443573123915e+00,3.092482332700295267e+00,3.195409098162175887e+00,3.297253791024630676e+00,3.397857472089141684e+00,3.497068239522958866e+00,3.594742226833922416e+00,3.690744473502600709e+00,3.784949755451427755e+00,3.877243365990525881e+00,3.967521810312252928e+00,4.055693271981799519e+00,4.141678138242890661e+00,4.225409219345892531e+00,4.306831456946017767e+00,4.385902741435542040e+00,4.462592695384974384e+00,4.536882924260914329e+00,4.608766471236048545e+00,4.678246800533564453e+00,4.745337449389174900e+00,4.810061215174489924e+00,4.872449042079619375e+00,4.932539341928982246e+00,4.990376957864182117e+00,5.046012340155122011e+00,5.099500647648032903e+00,5.150900778067101449e+00
7.333333333333333370e-02,5.629156355129542183e-02,8.134086026589433527e-02,1.108966730125077044e-01,1.449029246081747768e-01,1.832954773259223846e-01,2.260023903463439510e-01,2.729441920097493979e-01,3.240341608249852623e-01,3.791785952896672973e-01,4.382771700020975381e-01,5.012230641331641978e-01,5.679033738101003648e-01,6.381992893497134833e-01,7.119863447076318907e-01,7.891346312315574707e-01,8.695089964081308409e-01,9.529692310645740960e-01,1.039370205051071361e+00,1.128562037894185188e+00,1.220390220265993531e+00,1.314695735641792984e+00,1.411315178613314458e+00,1.510080882844151429e+00,1.610821036050553490e+00,1.713359828815636421e+00,1.817517610887262824e+00,1.923111102442513598e+00,2.029953589237910361e+00,2.137855224320885039e+00,2.246623356938259430e+00,2.356062920178009445e+00,2.465976898784699944e+00,2.576166889112368352e+00,2.686433678978955797e+00,2.796578063570040573e+00,2.906401555354879207e+00,3.015707263447378050e+00,3.124300999522330091e+00,3.231992212437562628e+00,3.338595149331947898e+00,3.443930085276172282e+00,3.547824146363107722e+00,3.650113316184586232e+00,3.750642416975131788e+00,3.849267436690728683e+00,3.945855636670551281e+00,4.040287161896522150e+00,4.132454934611182296e+00,4.222266110534616423e+00,4.309642048723686614e+00,4.394518585805908373e+00,4.476846084388617975e+00,4.556589149667253480e+00,4.633726374361024192e+00,4.708249690927750031e+00,4.780163353133334070e+00,4.849483450196938605e+00,4.916237217511603141e+00,4.980461019548234169e+00,5.042200056001753694e+00,5.101506915819371990e+00,5.158440617070978007e+00,5.213065274241569291e+00,5.265449484166924599e+00,5.315664836952424643e+00
7.666666666666667462e-02,5.885988482695135582e-02,8.505192191566418591e-02,1.159559470658282354e-01,1.515132661941922532e-01,1.916567447574323568e-01,2.363110735638073445e-01,2.853930483172278931e-01,3.388118565129140114e-01,3.964693655245943305e-01,4.582604061342678836e-01,5.240730463509095660e-01,5.937888510861670799e-01,6.672831241207008990e-01,7.444251296849934141e-01,8.250782920409074350e-01,9.091003722806028087e-01,9.963436227663402533e-01,1.086654928007920740e+00,1.179875889333538597e+00,1.275842987232503001e+00,1.374387598667670352e+00,1.475336133050967113e+00,1.578510135126781178e+00,1.683726267350016625e+00,1.790796648025331894e+00,1.899528702487599974e+00,2.009725585635651957e+00,2.121186308775416585e+00,2.233705987661504633e+00,2.347076313741428777e+00,2.461085868018910272e+00,2.575520715016694329e+00,2.690165012970804348e+00,2.804801784130328990e+00,2.919213685239799183e+00,3.033184065088018855e+00,3.146497997568411975e+00,3.258943479874188753e+00,3.370312723809735900e+00,3.480403519665597134e+00,3.589020675055995646e+00,3.695977446306586423e+00,3.801097137708960183e+00,3.904213868894335082e+00,4.005175318683559027e+00,4.103841872814325775e+00,4.200089871164871980e+00,4.293810921094191713e+00,4.384912719557831018e+00,4.473320238381702119e+00,4.558975069090012155e+00,4.641835370080762857e+00,4.721875613099460800e+00,4.799086103156761318e+00,4.873471843687680938e+00,4.945051333411019989e+00,5.013855986255678410e+00,5.079928383222283905e+00,5.143320996372994891e+00,5.204094879319852929e+00,5.262318314910558570e+00,5.318065673668402660e+00,5.371415579859562861e+00,5.422450554664629330e+00,5.471254861140482539e+00
8.000000000000000167e-02,6.142949209781894265e-02,8.876482271494083587e-02,1.210176976527333470e-01,1.581267967957614984e-01,2.000219778275660054e-01,2.466245499288048371e-01,2.978475599861465928e-01,3.535960842977466378e-01,4.137675190233466305e-01,4.782518631160182498e-01,5.469319881123038130e-01,6.196838900008080353e-01,6.963769193373091637e-01,7.768739865196583327e-01,8.610317421573611130e-01,9.487007273578483835e-01,1.039725502090832920e+00,1.133944745800907761e+00,1.231191339589796430e+00,1.331292423853237539e+00,1.434069456727345315e+00,1.539338265461388300e+00,1.646909070891129145e+00,1.756586582614337866e+00,1.868170040643857499e+00,1.981453386694969510e+00,2.096225370221059148e+00,2.212269799717458518e+00,2.329365841938102477e+00,2.447288392460619910e+00,2.565808499854517866e+00,2.684694165170775637e+00,2.803710738603171215e+00,2.922622170580948087e+00,3.041191712671512448e+00,3.159183243179980671e+00,3.276362520527127398e+00,3.392498665795525170e+00,3.507365623597239246e+00,3.620744136566055982e+00,3.732423032506135829e+00,3.842201376203906449e+00,3.949890046221342210e+00,4.055313490081761785e+00,4.158311259951308791e+00,4.258739352763967645e+00,4.356471552601424158e+00,4.451400140956502938e+00,4.543436600363401467e+00,4.632511875763942299e+00,4.718576256449959594e+00,4.801599102098641936e+00,4.881567947434709787e+00,4.958487807410546289e+00,5.032379692880812883e+00,5.103279185086479153e+00,5.171235279803172880e+00,5.236308320775664882e+00,5.298568509095527901e+00,5.358094292499658629e+00,5.414970765285710641e+00,5.469288043393055077e+00,5.521140174226561115e+00,5.570623244392175266e+00,5.617834551805360732e+00
8.333333333333334259e-02,6.400044218188906398e-02,9.247964390029422832e-02,1.260820341294000002e-01,1.647436571866036925e-01,2.083913515116722903e-01,2.569430307973687988e-01,3.103079761873734910e-01,3.683871316811883068e-01,4.310733956774203124e-01,4.982519015612084101e-01,5.698002812828660835e-01,6.455889069468552233e-01,7.254811058218940678e-01,8.093333463278781226e-01,8.969953928605102211e-01,9.883104289932140851e-01,1.083115150318532782e+00,1.181239828986297091e+00,1.282508355198229255e+00,1.386738216736532525e+00,1.493740658142549638e+00,1.603320377801157326e+00,1.715275876068304450e+00,1.829399238988713261e+00,1.945476272295689979e+00,2.063286565010999052e+00,2.182603640440548887e+00,2.303195157275402138e+00,2.424823223728533428e+00,2.547244804902059290e+00,2.670212264102409083e+00,2.793474046846139203e+00,2.916775537329213908e+00,3.039860066963498308e+00,3.162470125530776333e+00,3.284348776718833296e+00,3.405241136205122032e+00,3.524896627625314860e+00,3.643069878984126486e+00,3.759523805045406952e+00,3.874031188780874935e+00,3.986376942133511125e+00,4.096360171195141398e+00,4.203796295226658764e+00,4.308518675531141540e+00,4.410380361520988224e+00,4.509255291976554503e+00,4.605039211946071909e+00,4.697650134560464430e+00,4.787028514023071502e+00,4.873136992775113363e+00,4.955959101975137671e+00,5.035499145592529757e+00,5.111779922850720581e+00,5.184841460768927490e+00,5.254739106912349911e+00,5.321541522465313534e+00,5.385328758509305480e+00,5.446190087415789804e+00,5.504222440616471701e+00,5.559528280082579599e+00,5.612213537329077795e+00,5.662387668916760930e+00,5.710160079343702400e+00,5.755640741930794668e+00
8.666666666666666963e-02,6.657279201398397239e-02,9.619646687200981983e-02,1.311490660679756060e-01,1.713639883723067359e-01,2.167650410601700828e-01,2.672667278925808243e-01,3.227745465113540657e-01,3.831852796955038665e-01,4.483873210910023777e-01,5.182608824456789165e-01,5.926783180381460792e-01,6.715043183896509671e-01,7.545961141576931208e-01,8.418036385909286601e-01,9.329696534715217204e-01,1.027929838313060174e+00,1.126512844519689693e+00,1.228540313621364621e+00,1.333826870714225565e+00,1.442180090473651699e+00,1.553400434247408812e+00,1.667281267962864133e+00,1.783608666185791947e+00,1.902161528915916611e+00,2.022711465445722556e+00,2.145022946611050862e+00,2.268853320561503129e+00,2.393953072555980111e+00,2.520066121674720883e+00,2.646930271609373442e+00,2.774277799233319630e+00,2.901836341352324933e+00,3.029329707602933741e+00,3.156479172487703266e+00,3.283005078480314864e+00,3.408628228730985477e+00,3.533072150725550031e+00,3.656064859072211348e+00,3.777341362547928405e+00,3.896646331773637506e+00,4.013736339605216585e+00,4.128382626087747198e+00,4.240373357251379538e+00,4.349516356916786286e+00,4.455640926264909929e+00,4.558599545170054057e+00,4.658269238263367029e+00,4.754552536160927545e+00,4.847377598062639237e+00,4.936698202065572083e+00,5.022492515707039473e+00,5.104762957825986547e+00,5.183533419377988949e+00,5.258847507787701048e+00,5.330767472267250007e+00,5.399370479774298737e+00,5.464746901280314262e+00,5.526997808935236733e+00,5.586232555635634256e+00,5.642566809832784358e+00,5.696120442277641693e+00,5.747015689516881132e+00,5.795375792228231404e+00,5.841323184214181730e+00,5.884979065133878251e+00
9.000000000000001055e-02,6.914659864883271334e-02,9.991537320128682231e-02,1.362189032660457710e-01,1.779879316991277716e-01,2.251432221232666231e-01,2.775958533324806576e-01,3.352475209889131391e-01,3.979908375230000184e-01,4.657096213344549818e-01,5.382791674548405014e-01,6.155664907945338493e-01,6.974305408658008076e-01,7.837223745392715157e-01,8.742852925101607386e-01,9.689549313003521513e-01,1.067559313832526335e+00,1.169918854842301181e+00,1.275846335810810972e+00,1.385146835015988565e+00,1.497617661317527604e+00,1.613048132781813804e+00,1.731219673790289626e+00,1.851905486573804493e+00,1.974870557902099755e+00,2.099871609758370283e+00,2.226657036380895072e+00,2.354967064128345555e+00,2.484533891573779130e+00,2.615082035018486017e+00,2.746328805458899680e+00,2.877985039867057893e+00,3.009755877362642718e+00,3.141342159733803374e+00,3.272441669058795632e+00,3.402750863209505816e+00,3.531967105342592728e+00,3.659790766646099591e+00,3.785927935719782589e+00,3.910093213759481934e+00,4.032012699784120358e+00,4.151427068145866706e+00,4.268094568625329543e+00,4.381794215562316630e+00,4.492328074614665212e+00,4.599523491985413770e+00,4.703235926113967125e+00,4.803348968789713958e+00,4.899775734779797887e+00,4.992458335213464160e+00,5.081368225560424001e+00,5.166503274442504789e+00,5.247887995879294998e+00,5.325569459553435081e+00,5.399615768900297041e+00,5.470112921458265554e+00,5.537162475863579125e+00,5.600877293892693842e+00,5.661380614920235033e+00,5.718802318438253707e+00,5.773276591195400265e+00,5.824940441769627775e+00,5.873930843269236313e+00,5.920384574026630986e+00,5.964435782835693978e+00,6.006215474660823617e+00
9.333333333333333759e-02,7.172191926870717660e-02,1.036364446371137865e-01,1.412916557559232011e-01,1.846156287533853857e-01,2.335260706961442279e-01,2.879306196453820244e-01,3.477271501083111227e-01,4.128040732874416752e-01,4.830406229637742577e-01,5.583071177597143109e-01,6.384651924153184055e-01,7.233679909765088345e-01,8.128603169017155627e-01,9.067787361998433937e-01,1.004951631592720052e+00,1.107199207367770555e+00,1.213333445926355614e+00,1.323158019195207036e+00,1.436468163396490416e+00,1.553050509974640114e+00,1.672682935376894831e+00,1.795134283441218725e+00,1.920164304789158338e+00,2.047523402705958340e+00,2.176952530050727308e+00,2.308183121899660684e+00,2.440937204613517153e+00,2.574927569593375765e+00,2.709857941988669250e+00,2.845423761121034900e+00,2.981312841535173952e+00,3.117206435591119984e+00,3.252780600137905598e+00,3.387707986600724031e+00,3.521659833183325539e+00,3.654308459541337317e+00,3.785330108964913176e+00,3.914408002080723037e+00,4.041235834872757948e+00,4.165521318516309357e+00,4.286989778938573359e+00,4.405388058325524270e+00,4.520487372904126389e+00,4.632086791178512186e+00,4.740015652356164289e+00,4.844135194246232068e+00,4.944339948811185437e+00,5.040557902500442999e+00,5.132750051124428836e+00,5.220909123452750045e+00,5.305057593948220962e+00,5.385244842339513838e+00,5.461545060732269974e+00,5.534052887153425360e+00,5.602880675602754046e+00,5.668154828322297334e+00,5.730012575226241189e+00,5.788599026177293716e+00,5.844063661210972427e+00,5.896559713649090817e+00,5.946239197491330231e+00,5.993253762253316630e+00,6.037751613491420422e+00,6.079877108596996926e+00,6.119769524243309000e+00
9.666666666666667851e-02,7.429881118726922029e-02,1.073597631046051687e-01,1.463674338140505404e-01,1.912472215021100708e-01,2.419137631161715762e-01,2.982712397898453771e-01,3.602136848331506935e-01,4.276252833631186134e-01,5.003806530408776432e-01,5.783450963595476724e-01,6.613748159191941145e-01,7.493170821121100111e-01,8.420103710501473104e-01,9.392843964423219782e-01,1.040960157254881890e+00,1.146849870207674593e+00,1.256756874779556998e+00,1.370475476297458917e+00,1.487790731339506456e+00,1.608478302510212510e+00,1.732303998534123091e+00,1.859023707544977366e+00,1.988383014372196111e+00,2.120116943807519583e+00,2.253949884658614344e+00,2.389595315401532805e+00,2.526755889386233189e+00,2.665123649025643804e+00,2.804380316055735012e+00,2.944197723472957051e+00,3.084239365019712853e+00,3.224160616892276732e+00,3.363611223374122439e+00,3.502237004625090133e+00,3.639682342021820283e+00,3.775593266136938020e+00,3.909620739203607531e+00,4.041424509988248204e+00,4.170677060660516133e+00,4.297068349324973724e+00,4.420309413779704322e+00,4.540137262020984110e+00,4.656318255267489548e+00,4.768651676192452449e+00,4.876972194539887617e+00,4.981151839441049667e+00,5.081100470079330300e+00,5.176765700164886574e+00,5.268132055836101557e+00,5.355218201686938961e+00,5.438074761175472283e+00,5.516780326562446213e+00,5.591438179018512145e+00,5.662171838615756236e+00,5.729121260572234142e+00,5.792438872400886396e+00,5.852285747952042705e+00,5.908828502262253757e+00,5.962236495901400701e+00,6.012678963676506783e+00,6.060323015774399025e+00,6.105332450736645988e+00,6.147865769342269360e+00,6.188075565838635050e+00,6.226107582202683233e+00
1.000000000000000056e-01,7.687733185527995117e-02,1.110854107570622556e-01,1.514463479704293292e-01,1.978828521339400515e-01,2.503064761176049258e-01,3.086179271566819038e-01,3.727073766205155625e-01,4.424547576432061313e-01,5.177300391396171264e-01,5.983934657996647921e-01,6.842957547440368105e-01,7.752782409105848371e-01,8.711729648708746998e-01,9.718026992823695087e-01,1.076980908922310798e+00,1.186511647787269919e+00,1.300189391612438738e+00,1.417798809756993128e+00,1.539114483737473060e+00,1.663900590521462997e+00,1.791910513281504524e+00,1.922886533266633391e+00,2.056559418300817121e+00,2.192648022681229492e+00,2.330859191850822576e+00,2.470887378234115417e+00,2.612414740096485666e+00,2.755111239174167448e+00,2.898634928905831298e+00,3.042632778860466125e+00,3.186741696485431596e+00,3.330589868805102327e+00,3.473798748874422859e+00,3.615985711247915457e+00,3.756766488930291636e+00,3.895760077238791030e+00,4.032590660120790815e+00,4.166894285627829930e+00,4.298322474395231296e+00,4.426548079183676876e+00,4.551269720515071171e+00,4.672216978954067734e+00,4.789154577775446064e+00,4.901885953022171449e+00,5.010255837008211977e+00,5.114151724906940366e+00,5.213504201660298598e+00,5.308285499029171461e+00,5.398508416821679923e+00,5.484222221178920442e+00,5.565509053439117615e+00,5.642479927508692761e+00,5.715269461701873333e+00,5.784031500713417095e+00,5.848934209247435234e+00,5.910155934817854728e+00,5.967881436577568977e+00,6.022297375008282216e+00,6.073591428447860707e+00,6.121947977940776831e+00,6.167547189690853138e+00,6.210563053311039639e+00,6.251162447899483610e+00,6.289504423451513837e+00,6.325740140319346949e+00
1.103448275862069089e-01,8.489063298166511784e-02,1.226634892293000378e-01,1.672296658739209074e-01,2.185034458182746886e-01,2.763867160318849714e-01,3.407692880653905854e-01,4.115292108061271437e-01,4.885330354393556118e-01,5.716360927091149735e-01,6.606826440556684554e-01,7.555060195914908849e-01,8.559286569474776618e-01,9.617620605249361798e-01,1.072806661710510090e+00,1.188851594714189108e+00,1.309674363041539502e+00,1.435040428246099342e+00,1.564702667251379742e+00,1.698400751567250344e+00,1.835860623605615638e+00,1.976793580100310477e+00,2.120895555356941298e+00,2.267846567140259229e+00,2.417309705107441697e+00,2.568930734906191393e+00,2.722337546917636963e+00,2.877139960001302121e+00,3.032929748889101607e+00,3.189281301721070161e+00,3.345752482719022591e+00,3.501886458903664678e+00,3.657214197078383577e+00,3.811257798593511659e+00,3.963534876034447318e+00,4.113563904581821973e+00,4.260870551568407549e+00,4.404994913495702491e+00,4.545499349685704793e+00,4.681976744570547133e+00,4.814058592750416921e+00,4.941422825701886623e+00,5.063799981295042052e+00,5.180978677656902676e+00,5.292808558271646646e+00,5.399201305602630896e+00,5.500129525512184259e+00,5.595623468123939404e+00,5.685765842287147542e+00,5.770685601663414488e+00,5.850550501867591180e+00,5.925559461155429197e+00,5.995934959746830550e+00,6.061915764885542401e+00,6.123750490766461496e+00,6.181691955519053039e+00,6.235992537832125038e+00,6.286900334491715370e+00,6.334656164629755004e+00,6.379492710456039717e+00,6.421634139801205343e+00,6.461296626857992997e+00,6.498685394756107847e+00,nan,nan,nan
1.206896551724137984e-01,9.292190773559808048e-02,1.342672690648700207e-01,1.830475867450616079e-01,2.391685887348013184e-01,3.025223407936744602e-01,3.729875705405764630e-01,4.504299659843796766e-01,5.347024290332338392e-01,6.256452653248126827e-01,7.230862928474789397e-01,8.268408540270176799e-01,9.367117154090452980e-01,1.052488850700827205e+00,1.173949080159864655e+00,1.300855587980239481e+00,1.432957287257084156e+00,1.569988016958400179e+00,1.711665732955318653e+00,1.857691333853268345e+00,2.007747568570400265e+00,2.161497781786330119e+00,2.318584731053384473e+00,2.478629062038946174e+00,2.641228262110851599e+00,2.805955476120184144e+00,2.972358677073946520e+00,3.139960196278761551e+00,3.308256783001651602e+00,3.476720529895365619e+00,3.644800528282586605e+00,3.811925967176191143e+00,3.977510466382311094e+00,4.140958021701933944e+00,4.301670830041761207e+00,4.459058563082963111e+00,4.612549488299931610e+00,4.761602555226351008e+00,4.905720184317550192e+00,5.044461007159889654e+00,5.177451237105133330e+00,5.304394306324182295e+00,5.425077584206662529e+00,5.539375305949251427e+00,5.647247998741536712e+00,5.748738570081862953e+00,5.843964021889700433e+00,5.933106262121424557e+00,6.016400480142412022e+00,6.094123246292194374e+00,6.166580890409183446e+00,6.234098842734402623e+00,6.297012345176868919e+00,6.355659056094493664e+00,6.410373439264032136e+00,6.461483739074461496e+00,6.509308640435907733e+00,6.554145676837136669e+00,nan,nan,nan,nan,nan,nan,nan,nan
1.310344827586207017e-01,1.009729020463514954e-01,1.458992454454226262e-01,1.989034676467377749e-01,2.598825992489862680e-01,3.287187140288938547e-01,4.052792462526985662e-01,4.894172725265139579e-01,5.809717144768125063e-01,6.797674576743952812e-01,7.856153533256817756e-01,8.983120862004707607e-01,1.017639886668979976e+00,1.143366074793153331e+00,1.275242430659504267e+00,1.413004352094528127e+00,1.556369817506335407e+00,1.705038208918306042e+00,1.858688721956741841e+00,2.016978893202237888e+00,2.179542764765151741e+00,2.345988854962509862e+00,2.515898174790869746e+00,2.688822160261813199e+00,2.864280705762332513e+00,3.041760366497162416e+00,3.220713051166150365e+00,3.400555300670918601e+00,3.580668565275959558e+00,3.760400656850573675e+00,3.939069162854463624e+00,4.115966545127327514e+00,4.290368151176194189e+00,4.461542746253312153e+00,4.628765985636549729e+00,4.791336536537191826e+00,4.948594044433418659e+00,5.099938902724714396e+00,5.244850754103417501e+00,5.382905427414820032e+00,5.513788371355301976e+00,5.637302457274448564e+00,5.753370718764335479e+00,5.862030966917271435e+00,5.963427212615572515e+00,6.057795305797012198e+00,6.145446182272336522e+00,6.226748435202217102e+00,6.302111342457855869e+00,6.371970032864370026e+00,6.436773767569036409e+00,6.496977118439536625e+00,6.553032696772589816e+00,nan,nan,nan,nan,nan,nan,nan,nan,nan,nan,nan,nan,nan
1.413793103448275912e-01,1.090453784982820945e-01,1.575619369704530370e-01,2.148006965257803491e-01,2.806498344784378873e-01,3.549812437729776837e-01,4.376508407368808751e-01,5.284988063765686528e-01,6.273497311697228129e-01,7.340126334241048323e-01,8.482808218979230874e-01,9.699315792148408555e-01,1.098725634616614766e+00,1.234406414218745418e+00,1.376699035684405770e+00,1.525309040692712115e+00,1.679920824258640533e+00,1.840195900104966809e+00,2.005770628091041452e+00,2.176253684228452112e+00,2.351223920795961764e+00,2.530226841891547007e+00,2.712771859704946387e+00,2.898329224997292730e+00,3.086326881692733171e+00,3.276148089031518662e+00,3.467129178092823949e+00,3.658559125708072735e+00,3.849679976171604956e+00,4.039690033823049475e+00,4.227749843894071269e+00,4.412991822346671533e+00,4.594534154844382989e+00,4.771499212942418744e+00,4.943036319752831531e+00,5.108348286209141165e+00,5.266719105787629474e+00,5.417542052354545667e+00,5.560343579259867219e+00,5.694801431286531823e+00,5.820752922004050589e+00,5.938196713538385296e+00,6.047279837553768189e+00,6.148282467136943374e+00,6.241594318702885502e+00,6.327690585579246019e+00,6.407109105365631052e+00,6.480431698727433520e+00,6.548271192785261263e+00,6.611261420480011530e+00,nan,nan,nan,nan,nan,nan,nan,nan,nan,nan,nan,nan,nan,nan,nan,nan
1.517241379310345084e-01,1.171411178865259389e-01,1.692578878604495130e-01,2.307426950841803548e-01,3.014746938035898771e-01,3.813153924835490094e-01,4.701089383380454567e-01,5.676823122854346426e-01,6.738453879140183789e-01,7.883908236126632163e-01,9.110937550024965637e-01,1.041711252952928657e+00,1.179981438992163678e+00,1.325622487107912750e+00,1.478331047167041001e+00,1.637780461072487759e+00,1.803618582337708443e+00,1.975465103341425444e+00,2.152908673447573751e+00,2.335503284034597282e+00,2.522764558596751971e+00,2.714165556925513201e+00,2.909132386626256395e+00,3.107039747187102297e+00,3.307206683440905515e+00,3.508892925219043946e+00,3.711296367060306522e+00,3.913552223096289584e+00,4.114735590246389130e+00,4.313866989888990311e+00,4.509923672775625114e+00,4.701856822947659609e+00,4.888615759014892426e+00,5.069178956447815132e+00,5.242590908814896977e+00,5.408002251357601153e+00,5.564709239626902004e+00,5.712187550389131729e+00,5.850116736527774641e+00,5.978389736449140734e+00,6.097108925204946850e+00,6.206567969558762776e+00,6.307224846948285446e+00,6.399671063079247268e+00,6.484603932753899791e+00,6.562808229255725045e+00,6.635154070714761154e+00,nan,nan,nan,nan,nan,nan,nan,nan,nan,nan,nan,nan,nan,nan,nan,nan,nan,nan,nan
1.620689655172413979e-01,1.252619208050453348e-01,1.809896701447430700e-01,2.467329217078908232e-01,3.223616232602884435e-01,4.077266746557250965e-01,5.026601872385014769e-01,6.069756058043149771e-01,7.204676666224222314e-01,8.429121338524845353e-01,9.740652733108191574e-01,1.113663015440440329e+00,1.261419786297551360e+00,1.417026839582807840e+00,1.580150418381313759e+00,1.750428985129204307e+00,1.927470491771535066e+00,2.110848555686667627e+00,2.300098469958509639e+00,2.494712168680354392e+00,2.694133447001253678e+00,2.897751497571294799e+00,3.104895358184026843e+00,3.314827227603548199e+00,3.526736876585975455e+00,3.739736611382824094e+00,3.952858493584255228e+00,4.165054359983668242e+00,4.375201009671174646e+00,4.582111706418832142e+00,4.784556369867321912e+00,4.981291829879417321e+00,5.171102101541314333e+00,5.352848931290655976e+00,5.525527137422937329e+00,5.688320199209774053e+00,5.840647840564756166e+00,5.982197790096989820e+00,6.112939166929356460e+00,6.233111954803888466e+00,6.343201767430842963e+00,6.443905904265215590e+00,6.536105107818507953e+00,6.620859197358714532e+00,nan,nan,nan,nan,nan,nan,nan,nan,nan,nan,nan,nan,nan,nan,nan,nan,nan,nan,nan,nan,nan,nan
1.724137931034482873e-01,1.334096092703508929e-01,1.927598859783805629e-01,2.627748732149628452e-01,3.433151164435012115e-01,4.342206665705281576e-01,5.353113045583820506e-01,6.463865788058933415e-01,7.672256406477936386e-01,8.975867485581242589e-01,1.037206560685414169e+00,1.185798926312171986e+00,1.343053093346054050e+00,1.508631914764389625e+00,1.682168827631444152e+00,1.863264598996402732e+00,2.051483342410737709e+00,2.246347640358918873e+00,2.447332980650768874e+00,2.653861306907629114e+00,2.865293781351519797e+00,3.080922872963872017e+00,3.299963926190288444e+00,3.521546684735818999e+00,3.744707520579657611e+00,3.968383137157163176e+00,4.191408094124970951e+00,4.412516972258287318e+00,4.630355355113527693e+00,4.843501489657434433e+00,5.050501899040243714e+00,5.249922329464787651e+00,5.440413250401998191e+00,5.620785186367995401e+00,5.790085470676208601e+00,5.947664850407822001e+00,6.093222595256571950e+00,6.226823020258566821e+00,6.348884271190128992e+00,6.460150316062286180e+00,6.561669435841404052e+00,6.654824219794842399e+00,nan,nan,nan,nan,nan,nan,nan,nan,nan,nan,nan,nan,nan,nan,nan,nan,nan,nan,nan,nan,nan,nan,nan,nan
1.827586206896552046e-01,1.415860283840500444e-01,2.045711699520817994e-01,2.788720941297718192e-01,3.643397231295052441e-01,4.608030077565571370e-01,5.680690815469419119e-01,6.859232052059865969e-01,8.141284339282478522e-01,9.524249356521923282e-01,1.100528893956586041e+00,1.258130914419965940e+00,1.424893877731347125e+00,1.600450082235105542e+00,1.784397791240873055e+00,1.976296725812794586e+00,2.175662906949788589e+00,2.381962212674412882e+00,2.594603026629890064e+00,2.812927665899302099e+00,3.036202683379771727e+00,3.263608256342434011e+00,3.494226884446582027e+00,3.727031898794485709e+00,3.960877948634613510e+00,4.194493591369131025e+00,4.426479363511536924e+00,4.655316335419983353e+00,4.879386641302187577e+00,5.097013176852360772e+00,5.306520083423926337e+00,5.506315287707163719e+00,5.694989727717355343e+00,5.871421680110874064e+00,6.034870167332358371e+00,6.185039589045832287e+00,6.322110200573021643e+00,6.446728844233926559e+00,6.560007961492910766e+00,6.663589818897638573e+00,nan,nan,nan,nan,nan,nan,nan,nan,nan,nan,nan,nan,nan,nan,nan,nan,nan,nan,nan,nan,nan,nan,nan,nan,nan,nan
1.931034482758620940e-01,1.497930478690659983e-01,2.164261914838662426e-01,2.950281673863421883e-01,3.854400494560676904e-01,4.874794068759729648e-01,6.009403887973304714e-01,7.255935466935184985e-01,8.611853136032553424e-01,1.007437053535580995e+00,1.164043595637765049e+00,1.330671162828733323e+00,1.506954544283935160e+00,1.692493563067464901e+00,1.886848452699493750e+00,2.089534252316699092e+00,2.300013972869064283e+00,2.517690393907556778e+00,2.741896392835280416e+00,2.971883682191368337e+00,3.206810039675537460e+00,3.445725277300308864e+00,3.687556236734085946e+00,3.931092290051683147e+00,4.174972928114603299e+00,4.417680460215081872e+00,4.657542355568830672e+00,4.892748805995812411e+00,5.121392623602522676e+00,5.341537264430313847e+00,5.551316106784337734e+00,5.749058681151966610e+00,5.933430030716137615e+00,6.103560980328570196e+00,6.259144116904174382e+00,6.400488063398093175e+00,6.528541862757714753e+00,6.644979827484354118e+00,nan,nan,nan,nan,nan,nan,nan,nan,nan,nan,nan,nan,nan,nan,nan,nan,nan,nan,nan,nan,nan,nan,nan,nan,nan,nan,nan,nan
2.034482758620689835e-01,1.580325646618297164e-01,2.283276572689201533e-01,3.112467299564956047e-01,4.066207627348806808e-01,5.142556463643622733e-01,6.339321819198161512e-01,7.654057586296127980e-01,9.084056113537428701e-01,1.062633555523930129e+00,1.227762088280621722e+00,1.403431740934977467e+00,1.589247536961458929e+00,1.784774460189967105e+00,1.989531706664153354e+00,2.202985406304056148e+00,2.424540176286150039e+00,2.653528372561118509e+00,2.889197715055759730e+00,3.130696659487285149e+00,3.377057742483790204e+00,3.627179167926112058e+00,3.879805554097290443e+00,4.133509498266581872e+00,4.386677038455612632e+00,4.637502290189392973e+00,4.883997738095602337e+00,5.124029812048355836e+00,5.355390732533980902e+00,5.575909975919713268e+00,5.783610221849883715e+00,5.976887191324419923e+00,6.154688936025200618e+00,6.316662380831286505e+00,6.463249263717165682e+00,6.595791222180085178e+00,6.716878241570230834e+00,nan,nan,nan,nan,nan,nan,nan,nan,nan,nan,nan,nan,nan,nan,nan,nan,nan,nan,nan,nan,nan,nan,nan,nan,nan,nan,nan,nan,nan
2.137931034482759007e-01,1.663065030261936250e-01,2.402783138068532165e-01,3.275314699816025965e-01,4.278865960918968869e-01,5.411375870251088349e-01,6.670515067753085559e-01,8.053680958050194461e-01,9.557987714242918154e-01,1.118024995250912701e+00,1.291695874203591554e+00,1.476424854219364091e+00,1.671785274399169241e+00,1.877304753145820237e+00,2.092457961150951729e+00,2.316657707376579722e+00,2.549243865230765405e+00,2.789470132211410380e+00,3.036488010945429750e+00,3.289328054528211531e+00,3.546878352843176430e+00,3.807860795494125927e+00,4.070806462991201080e+00,4.334033526621698051e+00,4.595630923977309656e+00,4.853458904939586205e+00,5.105174905854098277e+00,5.348300593712171924e+00,5.580342469023618968e+00,5.798971137395531272e+00,6.002247613427353023e+00,6.188864228405634549e+00,6.358359161978200724e+00,6.511292637901495262e+00,6.649499872189252869e+00,nan,nan,nan,nan,nan,nan,nan,nan,nan,nan,nan,nan,nan,nan,nan,nan,nan,nan,nan,nan,nan,nan,nan,nan,nan,nan,nan,nan,nan,nan,nan
2.241379310344827902e-01,1.746168176748537637e-01,2.522809499389457866e-01,3.438861313885038240e-01,4.492423513929087453e-01,5.681311732932780023e-01,7.003055053485913728e-01,8.454889189871960253e-01,1.003374350282023375e+00,1.173622032241386615e+00,1.355856559950419982e+00,1.549662677530235566e+00,1.754580085616989082e+00,1.970096175858138565e+00,2.195637366522496414e+00,2.430557870340814830e+00,2.674125954999174049e+00,2.925507217459391018e+00,3.183744214951865104e+00,3.447732714117373032e+00,3.716193998081080974e+00,3.987644798626435616e+00,4.260366547691917027e+00,4.532379004695409108e+00,4.801426241827305930e+00,5.064987923517200841e+00,5.320334136111781298e+00,5.564643386017911197e+00,5.795198466331236808e+00,6.009656312319183513e+00,6.206360897671657995e+00,6.384648261832574612e+00,6.545139439352624322e+00,6.690238184824432111e+00,nan,nan,nan,nan,nan,nan,nan,nan,nan,nan,nan,nan,nan,nan,nan,nan,nan,nan,nan,nan,nan,nan,nan,nan,nan,nan,nan,nan,nan,nan,nan,nan
2.344827586206896797e-01,1.829654969165982192e-01,2.643383996148880311e-01,3.603145170065522596e-01,4.706929079531922966e-01,5.952424382169778649e-01,7.337014211800961805e-01,8.857766991917194188e-01,1.051142010961613416e+00,1.229435436762122524e+00,1.420255765979931306e+00,1.623157506822640928e+00,1.837644295298164421e+00,2.063160341500088091e+00,2.299079496526864830e+00,2.544691692673413108e+00,2.799185737964892340e+00,3.061628288868773140e+00,3.330938652006271816e+00,3.605857979107346623e+00,3.884914911542286298e+00,4.166387371748680124e+00,4.448265223984657624e+00,4.728221008222191379e+00,5.003602082262151640e+00,5.271464652423770048e+00,5.528676688987936849e+00,5.772115764380803427e+00,5.998972575758764414e+00,6.207136338381798346e+00,6.395613345720542853e+00,6.564965742618356082e+00,6.718143956059789090e+00,nan,nan,nan,nan,nan,nan,nan,nan,nan,nan,nan,nan,nan,nan,nan,nan,nan,nan,nan,nan,nan,nan,nan,nan,nan,nan,nan,nan,nan,nan,nan,nan,nan
2.448275862068965691e-01,1.913545618404806636e-01,2.764535445528348290e-01,3.768204931402331370e-01,4.922432187856579655e-01,6.224775087735874290e-01,7.672466059342230027e-01,9.262400311220669868e-01,1.099111553665972352e+00,1.285476095363995208e+00,1.484905317286278503e+00,1.696921628680986727e+00,1.920990164276553225e+00,2.156508521009189216e+00,2.402793429801198588e+00,2.659064004363764333e+00,2.924420682651533987e+00,3.197819175703043193e+00,3.478038410622992238e+00,3.763642661067947426e+00,4.052937728980871235e+00,4.343923787650245671e+00,4.634251239055858562e+00,4.921191312376882010e+00,5.201642708969808737e+00,5.472206596673387047e+00,5.729366457924245815e+00,5.969805300613238330e+00,6.190854910079433893e+00,6.391030712351373211e+00,6.570646714376906061e+00,6.733002763648018529e+00,nan,nan,nan,nan,nan,nan,nan,nan,nan,nan,nan,nan,nan,nan,nan,nan,nan,nan,nan,nan,nan,nan,nan,nan,nan,nan,nan,nan,nan,nan,nan,nan,nan,nan
2.551724137931035141e-01,1.997860664601647240e-01,2.886293170996107049e-01,3.934079921719129680e-01,5.138983231210810798e-01,6.498426111827723117e-01,8.009485247992852441e-01,9.668876260557464075e-01,1.147292897402791834e+00,1.341755015859898981e+00,1.549817073404165635e+00,1.770967370253121898e+00,2.004629902720617363e+00,2.250151871040499518e+00,2.506787671409702156e+00,2.773678446426231847e+00,3.049826262642918007e+00,3.334061823165459071e+00,3.625004723816013463e+00,3.921016047942257998e+00,4.220143815362896511e+00,4.520065776713157568e+00,4.818038855278590660e+00,5.110875427087679945e+00,5.394978766402373616e+00,5.666486087852663722e+00,5.921568706559193096e+00,6.156918226627073665e+00,6.370390228265535804e+00,6.561797398388501179e+00,6.734392962342451661e+00,nan,nan,nan,nan,nan,nan,nan,nan,nan,nan,nan,nan,nan,nan,nan,nan,nan,nan,nan,nan,nan,nan,nan,nan,nan,nan,nan,nan,nan,nan,nan,nan,nan,nan,nan
2.655172413793103758e-01,2.082621099865727687e-01,3.008687026257733654e-01,4.100810166030201542e-01,5.356633473341277929e-01,6.773440765081403248e-01,8.348147631054798623e-01,1.007728331404742050e+00,1.195696097668202285e+00,1.398283332387340927e+00,1.615002979152419194e+00,1.845307137534452080e+00,2.088575591120867436e+00,2.344101146432807870e+00,2.611070054292443210e+00,2.888537426373348094e+00,3.175395603941511435e+00,3.470334425602673800e+00,3.771792217849180950e+00,4.077896353494613102e+00,4.386397154466645354e+00,4.694598592535924375e+00,4.999304808198647976e+00,5.296811124726811038e+00,5.582992101722705769e+00,5.853553937994660394e+00,6.104513054937864780e+00,6.332915464702309372e+00,6.537790945888418470e+00,6.721822010667531266e+00,nan,nan,nan,nan,nan,nan,nan,nan,nan,nan,nan,nan,nan,nan,nan,nan,nan,nan,nan,nan,nan,nan,nan,nan,nan,nan,nan,nan,nan,nan,nan,nan,nan,nan,nan,nan
2.758620689655172376e-01,2.167848270897961560e-01,3.131747453210543819e-01,4.268436447483549001e-01,5.575435101988052145e-01,7.049883423213954003e-01,8.688530326119808800e-01,1.048771131971803383e+00,1.244331355253912363e+00,1.455072310323542562e+00,1.680475130350964852e+00,1.919953263950032518e+00,2.172839259742939788e+00,2.438366803833136309e+00,2.715647681724811857e+00,3.003641922479470150e+00,3.301119308879382874e+00,3.606610729360443912e+00,3.918347753002461964e+00,4.234189635187249223e+00,4.551542247899043936e+00,4.867278424831355643e+00,5.177685503080525997e+00,5.478489322840256470e+00,5.765029649483756735e+00,6.032682168209705154e+00,6.277593215603329391e+00,6.497750048255310773e+00,6.694738009822160052e+00,nan,nan,nan,nan,nan,nan,nan,nan,nan,nan,nan,nan,nan,nan,nan,nan,nan,nan,nan,nan,nan,nan,nan,nan,nan,nan,nan,nan,nan,nan,nan,nan,nan,nan,nan,nan,nan
2.862068965517241548e-01,2.253563950997432841e-01,3.255505457806835978e-01,4.437000310781004098e-01,5.795441284049652753e-01,7.327819795368883948e-01,9.030711806779306849e-01,1.090025156515388449e+00,1.293209012842978956e+00,1.512133351141968340e+00,1.746245609861998060e+00,1.994918239541943361e+00,2.257432765894664684e+00,2.532958907425917783e+00,2.820526835125095833e+00,3.118991297951406061e+00,3.426985080838772735e+00,3.742859461950558853e+00,4.064610005202501597e+00,4.389787880913375240e+00,4.715401809692034263e+00,5.037829332234572632e+00,5.352776164327642583e+00,5.655359841347796568e+00,5.940427364589494275e+00,6.203229822848706831e+00,6.440532873322730723e+00,6.652398558582958366e+00,nan,nan,nan,nan,nan,nan,nan,nan,nan,nan,nan,nan,nan,nan,nan,nan,nan,nan,nan,nan,nan,nan,nan,nan,nan,nan,nan,nan,nan,nan,nan,nan,nan,nan,nan,nan,nan,nan
2.965517241379310720e-01,2.339790388396005560e-01,3.379992697747101760e-01,4.606544143709015438e-01,6.016706036226536769e-01,7.607316563944386267e-01,9.374771841027034203e-01,1.131499688068269727e+00,1.342339571378912799e+00,1.569477998301536337e+00,1.812326764656684519e+00,2.070214467475216757e+00,2.342367838064320917e+00,2.627887055867758281e+00,2.925712801647162742e+00,3.234583157897552130e+00,3.552977379757864984e+00,3.879043588816363908e+00,4.210508050484011555e+00,4.544567585170709911e+00,4.877774234579045576e+00,5.205940956049339263e+00,5.524130864070442293e+00,5.826842897645009955e+00,6.108551208062872995e+00,6.364752547450279074e+00,6.593715370895489869e+00,nan,nan,nan,nan,nan,nan,nan,nan,nan,nan,nan,nan,nan,nan,nan,nan,nan,nan,nan,nan,nan,nan,nan,nan,nan,nan,nan,nan,nan,nan,nan,nan,nan,nan,nan,nan,nan,nan,nan
3.068965517241379892e-01,2.426550287154380370e-01,3.505241490908513891e-01,4.777111193454257054e-01,6.239285182340554847e-01,7.888441861211274997e-01,9.720791818495626568e-01,1.173204159803609814e+00,1.391733691634085890e+00,1.627117936025165523e+00,1.878730894934233842e+00,2.145854337981378812e+00,2.427656051715240793e+00,2.723160450858773007e+00,3.031209916133584148e+00,3.350413082675778309e+00,3.679077075890083481e+00,4.015119804988793284e+00,4.355959976373483755e+00,4.698387674288460047e+00,5.038431236902512822e+00,5.371267234152675485e+00,5.691267076519633150e+00,5.992351413253316217e+00,6.268863890153281382e+00,6.517198153440834751e+00,6.739147121655873818e+00,nan,nan,nan,nan,nan,nan,nan,nan,nan,nan,nan,nan,nan,nan,nan,nan,nan,nan,nan,nan,nan,nan,nan,nan,nan,nan,nan,nan,nan,nan,nan,nan,nan,nan,nan,nan,nan,nan,nan
3.172413793103449065e-01,2.513866853832910087e-01,3.631284843386220484e-01,4.948745633401078758e-01,6.463234596580383906e-01,8.171265149549080675e-01,1.006885456691706482e+00,1.215148184192573533e+00,1.441402200880980367e+00,1.685065003810084727e+00,1.945470508562907819e+00,2.221850420098310241e+00,2.513308753095914394e+00,2.818787641004325994e+00,3.137021273114115605e+00,3.466474401395732485e+00,3.805260844278200327e+00,4.151037607513199390e+00,4.500871880272301340e+00,4.851087387985918653e+00,5.197115983367478265e+00,5.533426130887447947e+00,5.853675389028553333e+00,6.151327844781492971e+00,6.421036571523891290e+00,6.661357563289070249e+00,nan,nan,nan,nan,nan,nan,nan,nan,nan,nan,nan,nan,nan,nan,nan,nan,nan,nan,nan,nan,nan,nan,nan,nan,nan,nan,nan,nan,nan,nan,nan,nan,nan,nan,nan,nan,nan,nan,nan,nan
3.275862068965517682e-01,2.601763821824817358e-01,3.758156527635940769e-01,5.121492592663920984e-01,6.688612069544819239e-01,8.455857292206071518e-01,1.041904454504672284e+00,1.257341538683681259e+00,1.491356104278183992e+00,1.743331204239508825e+00,2.012558145095757922e+00,2.298215025126569611e+00,2.599337068391455841e+00,2.914776591840108289e+00,3.243148663654468855e+00,3.582757919081225317e+00,3.931500888387323478e+00,4.286738378138895023e+00,4.645136215291641335e+00,5.002484639391985510e+00,5.353540658896893234e+00,5.692002219433487831e+00,6.010836758611368680e+00,6.303305055968001724e+00,6.565164109246284241e+00,6.800523548870167190e+00,nan,nan,nan,nan,nan,nan,nan,nan,nan,nan,nan,nan,nan,nan,nan,nan,nan,nan,nan,nan,nan,nan,nan,nan,nan,nan,nan,nan,nan,nan,nan,nan,nan,nan,nan,nan,nan,nan,nan,nan
3.379310344827586299e-01,2.690265477297826280e-01,3.885891045574478286e-01,5.295398214375897084e-01,6.915476483878021385e-01,8.742290653660774735e-01,1.077144791673698476e+00,1.299794188029868680e+00,1.541606581880338611e+00,1.801928655386064948e+00,2.080006447460346575e+00,2.374960589520868748e+00,2.685751846764456108e+00,3.011134560254399517e+00,3.349592395797812205e+00,3.699251593455321618e+00,4.057764134110589005e+00,4.422154580147197755e+00,4.788630220040619001e+00,5.152373626823394837e+00,5.507386297677604681e+00,5.846553150833500467e+00,6.162252889651706589e+00,6.448011041145617739e+00,6.702314449899698268e+00,nan,nan,nan,nan,nan,nan,nan,nan,nan,nan,nan,nan,nan,nan,nan,nan,nan,nan,nan,nan,nan,nan,nan,nan,nan,nan,nan,nan,nan,nan,nan,nan,nan,nan,nan,nan,nan,nan,nan,nan,nan
3.482758620689655471e-01,2.779396688232858570e-01,4.014523740243770011e-01,5.470509704018822195e-01,7.143888023169038259e-01,9.030639158455046056e-01,1.112615259069861473e+00,1.342516271049130516e+00,1.592165004811513240e+00,1.860869696021643538e+00,2.147828168410277794e+00,2.452099377059266061e+00,2.772563621333901995e+00,3.107867982723309996e+00,3.456351103197470298e+00,3.815940229277263729e+00,4.184011719496086634e+00,4.557208222709159706e+00,4.931214224067821839e+00,5.300523078010202838e+00,5.658303388014362945e+00,5.996621979232219957e+00,6.307496134135160304e+00,6.585576414319860739e+00,nan,nan,nan,nan,nan,nan,nan,nan,nan,nan,nan,nan,nan,nan,nan,nan,nan,nan,nan,nan,nan,nan,nan,nan,nan,nan,nan,nan,nan,nan,nan,nan,nan,nan,nan,nan,nan,nan,nan,nan,nan,nan
3.586206896551724643e-01,2.869182932081988935e-01,4.144090878603748918e-01,5.646875384641167894e-01,7.373908263719753942e-01,9.320978368161869643e-01,1.148324833735149486e+00,1.385518140389402353e+00,1.643042937356158806e+00,1.920166772003530475e+00,2.216036143344619624e+00,2.529643743088010766e+00,2.859782560745343094e+00,3.204982415872905666e+00,3.563421594506788193e+00,3.932804975897859823e+00,4.310198293522914170e+00,4.691810136435846879e+00,5.072729899179627466e+00,5.446675096468155175e+00,5.805915521763678200e+00,6.141758839848986185e+00,6.446295881481669099e+00,6.717080497394155358e+00,nan,nan,nan,nan,nan,nan,nan,nan,nan,nan,nan,nan,nan,nan,nan,nan,nan,nan,nan,nan,nan,nan,nan,nan,nan,nan,nan,nan,nan,nan,nan,nan,nan,nan,nan,nan,nan,nan,nan,nan,nan,nan
3.689655172413793816e-01,2.959650330603560420e-01,4.274629314513402334e-01,5.824544742199361247e-01,7.605600230811365714e-01,9.613385558564427891e-01,1.184282685422868298e+00,1.428810362808295986e+00,1.694252145453841951e+00,1.979832531893380709e+00,2.284643276353186536e+00,2.607605803865966188e+00,2.947418425284580756e+00,3.302482384005969607e+00,3.670798498766207896e+00,4.049823112965970751e+00,4.436271046351651037e+00,4.825858132598407124e+00,5.212998511842574345e+00,5.590544449004144489e+00,5.949825819785543146e+00,6.281557162146571116e+00,6.578707996964143767e+00,nan,nan,nan,nan,nan,nan,nan,nan,nan,nan,nan,nan,nan,nan,nan,nan,nan,nan,nan,nan,nan,nan,nan,nan,nan,nan,nan,nan,nan,nan,nan,nan,nan,nan,nan,nan,nan,nan,nan,nan,nan,nan,nan
3.793103448275862988e-01,3.050825678654378592e-01,4.406177307466617177e-01,6.003568523673225021e-01,7.839028470394496795e-01,9.907939799745766329e-01,1.220498185551321058e+00,1.472403686648585674e+00,1.745804598778653904e+00,2.039879795076694702e+00,2.353662567524589022e+00,2.685997649233964335e+00,3.035480439776113037e+00,3.400371265591572989e+00,3.778474175518971911e+00,4.166967180093839040e+00,4.562169071613019433e+00,4.959236193983795005e+00,5.351819405818903697e+00,5.731819658620837643e+00,6.089631278877495113e+00,6.415715875672459489e+00,6.705540662805513641e+00,nan,nan,nan,nan,nan,nan,nan,nan,nan,nan,nan,nan,nan,nan,nan,nan,nan,nan,nan,nan,nan,nan,nan,nan,nan,nan,nan,nan,nan,nan,nan,nan,nan,nan,nan,nan,nan,nan,nan,nan,nan,nan,nan
3.896551724137931050e-01,3.142736479260222482e-01,4.538773795464279837e-01,6.183998702561097627e-01,8.074259121777511705e-01,1.020472203923626919e+00,1.256980916067181653e+00,1.516309106310012922e+00,1.797712477306762757e+00,2.100321548475825306e+00,2.423107085266908101e+00,2.764831182687211619e+00,3.123977390115531882e+00,3.498651142274411985e+00,3.886438247446135641e+00,4.284204839189410308e+00,4.687822185233113004e+00,5.091812339533842824e+00,5.488968702486186402e+00,5.870166104757470471e+00,6.224945024322736664e+00,6.544155153439114692e+00,6.830035837212389715e+00,nan,nan,nan,nan,nan,nan,nan,nan,nan,nan,nan,nan,nan,nan,nan,nan,nan,nan,nan,nan,nan,nan,nan,nan,nan,nan,nan,nan,nan,nan,nan,nan,nan,nan,nan,nan,nan,nan,nan,nan,nan,nan,nan
4.000000000000000222e-01,nan,nan,nan,nan,nan,nan,nan,nan,nan,nan,nan,nan,nan,nan,nan,nan,nan,nan,nan,nan,nan,nan,nan,nan,nan,nan,nan,nan,nan,nan,nan,nan,nan,nan,nan,nan,nan,nan,nan,nan,nan,nan,nan,nan,nan,nan,nan,nan,nan,nan,nan,nan,nan,nan,nan,nan,nan,nan,nan,nan,nan,nan,nan,nan,nan
