# x_m, y_m, w_tr_right_m, w_tr_left_m
0.0, 0.0, 1.1, 1.1
-0.44708959788569586, -0.09416882273686002, 1.1, 1.1
-0.8941657621818855, -0.18841294668292297, 1.1, 1.1
-1.3412179836178797, -0.2827768763149878, 1.1, 1.1
-1.78823584430791, -0.37730502472487326, 1.1, 1.1
-2.235208926366268, -0.47204189638938576, 1.1, 1.1
-2.6821266291372834, -0.5670319044003588, 1.1, 1.1
-3.128978717505134, -0.6623196446195493, 1.1, 1.1
-3.5757545908141504, -0.7579494387538328, 1.1, 1.1
-4.022446298572599, -0.853954916469443, 1.1, 1.1
-4.469056308174471, -0.9503252029558367, 1.1, 1.1
-4.915589463022765, -1.0470381830520585, 1.1, 1.1
-5.362050880675409, -1.144071467442265, 1.1, 1.1
-5.808445313150452, -1.2414029409655007, 1.1, 1.1
-6.254777969390772, -1.3390104884608107, 1.1, 1.1
-6.701053601414403, -1.4368717206123587, 1.1, 1.1
-7.147277235394305, -1.5349646136441546, 1.1, 1.1
-7.593453897503426, -1.6332669610102706, 1.1, 1.1
-8.039588522529746, -1.7317564647798358, 1.1, 1.1
-8.485685953876263, -1.8304109184069295, 1.1, 1.1
-8.931751309100923, -1.929208206730597, 1.1, 1.1
-9.377789522991668, -2.0281261232049244, 1.1, 1.1
-9.823805530336497, -2.127142369899034, 1.1, 1.1
-10.269804265923396, -2.2262348316519707, 1.1, 1.1
-10.7157907559253, -2.3253813019178136, 1.1, 1.1
-11.161769935130197, -2.424559574150649, 1.1, 1.1
-11.607746738326064, -2.523747441804558, 1.1, 1.1
-12.053726100300885, -2.622922698333634, 1.1, 1.1
-12.499713138612567, -2.7220631371919413, 1.1, 1.1
-12.945712605279166, -2.8211466432185404, 1.1, 1.1
-13.391729617858584, -2.9201509184825447, 1.1, 1.1
-13.837769111138806, -3.0190537564380415, 1.1, 1.1
-14.283835928522858, -3.1178329505391145, 1.1, 1.1
-14.729935187568632, -3.216466477009769, 1.1, 1.1
-15.176071823064131, -3.314931855149201, 1.1, 1.1
-15.622250769797311, -3.413207152566381, 1.1, 1.1
-16.06847696255617, -3.5112699799454696, 1.1, 1.1
-16.514755427513652, -3.609098222125512, 1.1, 1.1
-16.961091008072767, -3.7066696725605905, 1.1, 1.1
-17.407488821791432, -3.803962033319824, 1.1, 1.1
-17.853953712072656, -3.9009532806272254, 1.1, 1.1
-18.300490705089384, -3.997621116551913, 1.1, 1.1
-18.747104735629602, -4.0939433345479666, 1.1, 1.1
-19.193797996932418, -4.189910339194316, 1.1, 1.1
-19.640561259116595, -4.285562979569252, 1.1, 1.1
-20.08738264213701, -4.3809550814157525, 1.1, 1.1
-20.53424999179361, -4.476140379091847, 1.1, 1.1
-20.98115133665631, -4.57117251557059, 1.1, 1.1
-21.428074613910034, -4.666105316594962, 1.1, 1.1
-21.87500794350965, -4.7609924251380225, 1.1, 1.1
-22.32193917125514, -4.855887575557797, 1.1, 1.1
-22.768856325716364, -4.950844593597264, 1.1, 1.1
-23.21574752684821, -5.04591712222948, 1.1, 1.1
-23.662600529065685, -5.141158895812475, 1.1, 1.1
-24.109403452323647, -5.236623740089226, 1.1, 1.1
-24.55614423380702, -5.332365206647824, 1.1, 1.1
-25.002810993470668, -5.428437212616224, 1.1, 1.1
-25.449391485729606, -5.524893309582521, 1.1, 1.1
-25.895873830538694, -5.621787323289691, 1.1, 1.1
-26.342246056467825, -5.719173079480726, 1.1, 1.1
-26.78850313734405, -5.817071596697021, 1.1, 1.1
-27.23469305027275, -5.91526309410348, 1.1, 1.1
-27.680887166909724, -6.013419042759481, 1.1, 1.1
-28.127157224450645, -6.111210365414623, 1.1, 1.1
-28.573574868706192, -6.20830816758844, 1.1, 1.1
-29.020211745487067, -6.304383280645568, 1.1, 1.1
-29.46713959198893, -6.399106901490504, 1.1, 1.1
-29.91442996263751, -6.492149770102917, 1.1, 1.1
-30.36215258415928, -6.583192130498609, 1.1, 1.1
-30.810298592212874, -6.672267886498706, 1.1, 1.1
-31.258756954068698, -6.759871704905871, 1.1, 1.1
-31.70740969174002, -6.8465289578702135, 1.1, 1.1
-32.156139010010016, -6.932765108926802, 1.1, 1.1
-32.60482702227691, -7.019105804380628, 1.1, 1.1
-33.053355750553955, -7.106076416381795, 1.1, 1.1
-33.50160739962434, -7.194202408465374, 1.1, 1.1
-33.94946399150131, -7.284009244166436, 1.1, 1.1
-34.39683998985986, -7.375890884058835, 1.1, 1.1
-34.84377935086701, -7.46971454579188, 1.1, 1.1
-35.29035828958159, -7.565215852668713, 1.1, 1.1
-35.736652929677454, -7.662130336607514, 1.1, 1.1
-36.18273948621343, -7.760193620911415, 1.1, 1.1
-36.628694265633314, -7.859141420268522, 1.1, 1.1
-37.07459339161095, -7.958709357981973, 1.1, 1.1
-37.520513170590135, -8.058632965969942, 1.1, 1.1
-37.966529634859775, -8.158648050305494, 1.1, 1.1
-38.41268445596284, -8.258537845857292, 1.1, 1.1
-38.85894299899846, -8.358190223276202, 1.1, 1.1
-39.30526030256505, -8.457507674807108, 1.1, 1.1
-39.751591313876034, -8.556392235770083, 1.1, 1.1
-40.1978910715298, -8.65474648979497, 1.1, 1.1
-40.644114614124746, -8.752472472201838, 1.1, 1.1
-41.090216980259264, -8.849472583850613, 1.1, 1.1
-41.53615311714675, -8.945649134216248, 1.1, 1.1
-41.981896888687935, -9.041041967142453, 1.1, 1.1
-42.42756042423195, -9.136703380473802, 1.1, 1.1
-42.87331781213256, -9.23413720515517, 1.1, 1.1
-43.319343232128546, -9.334849739525442, 1.1, 1.1
-43.765812326118045, -9.440232045485622, 1.1, 1.1
-44.212955110052, -9.547250416431606, 1.1, 1.1
-44.661071692147615, -9.647151086793954, 1.1, 1.1
-45.11046674987031, -9.730800769253495, 1.1, 1.1
-45.561445052070404, -9.789066359260957, 1.1, 1.1
-46.014145869430926, -9.815161609492145, 1.1, 1.1
-46.468053059683, -9.811597687334904, 1.1, 1.1
-46.92248808947918, -9.783187473230615, 1.1, 1.1
-47.37677251685695, -9.734743573465757, 1.1, 1.1
-47.83019947913047, -9.670830027228492, 1.1, 1.1
-48.28164411879481, -9.592348712714925, 1.1, 1.1
-48.729663284520285, -9.497415089225887, 1.1, 1.1
-49.17280614864033, -9.384074615180857, 1.1, 1.1
-49.609642810644814, -9.250459656098757, 1.1, 1.1
-50.03905627213563, -9.095979956506014, 1.1, 1.1
-50.460166952847565, -8.921016043386992, 1.1, 1.1
-50.872101212537935, -8.72597275212609, 1.1, 1.1
-51.27398531957916, -8.511254643952835, 1.1, 1.1
-51.66494581649851, -8.277266737021561, 1.1, 1.1
-52.04410897166834, -8.02441377533171, 1.1, 1.1
-52.410601144846034, -7.753100411497771, 1.1, 1.1
-52.763548787173875, -7.463731480904149, 1.1, 1.1
-53.101839926426706, -7.1566234496764025, 1.1, 1.1
-53.422641171838485, -6.831453820281438, 1.1, 1.1
-53.722362465152656, -6.487619817505818, 1.1, 1.1
-53.99741036686905, -6.124516929821803, 1.1, 1.1
-54.24424517184551, -5.741588988346882, 1.1, 1.1
-54.46126517584222, -5.340017966187596, 1.1, 1.1
-54.649307739271656, -4.923172678605983, 1.1, 1.1
-54.809365759752666, -4.494561577086975, 1.1, 1.1
-54.94242829673572, -4.057663504387608, 1.1, 1.1
-55.0493586639627, -3.614897237698527, 1.1, 1.1
-55.1308618964202, -3.167350623614763, 1.1, 1.1
-55.1876331595189, -2.7160268862559658, 1.1, 1.1
-55.220367435899504, -2.261929158356825, 1.1, 1.1
-55.22975989097268, -1.8060609381918684, 1.1, 1.1
-55.21650541599421, -1.349425267110824, 1.1, 1.1
-55.18129926775968, -0.8930255520032732, 1.1, 1.1
-55.12483633752487, -0.43786501698885183, 1.1, 1.1
-55.04745904474472, 0.014829494809254884, 1.1, 1.1
-54.94816407391462, 0.46297769610195105, 1.1, 1.1
-54.82562716554122, 0.9042959680583063, 1.1, 1.1
-54.67852415151618, 1.3365006004624473, 1.1, 1.1
-54.505530955116065, 1.7573080658683942, 1.1, 1.1
-54.305323316847556, 2.164434745445239, 1.1, 1.1
-54.076577159987224, 2.5555969289770855, 1.1, 1.1
-53.817968133656805, 2.9285109062480386, 1.1, 1.1
-53.528269120578194, 3.2806856145620413, 1.1, 1.1
-53.207599195357716, 3.6067435971786352, 1.1, 1.1
-52.85706420742801, 3.8991932062471597, 1.1, 1.1
-52.477792486922574, 4.15049408573186, 1.1, 1.1
-52.07092470094483, 4.353124430744406, 1.1, 1.1
-51.639603761129244, 4.502620451400637, 1.1, 1.1
-51.191185334502066, 4.600951493645013, 1.1, 1.1
-50.733557222726965, 4.650899772664534, 1.1, 1.1
-50.27460731885253, 4.655247595031133, 1.1, 1.1
-49.82150248857226, 4.616777632856607, 1.1, 1.1
-49.376485867178644, 4.538276487806151, 1.1, 1.1
-48.93974333168566, 4.422532132319382, 1.1, 1.1
-48.511454179389965, 4.272332447450979, 1.1, 1.1
-48.09192802254491, 4.090360404318507, 1.1, 1.1
-47.68581132957495, 3.8758059666133073, 1.1, 1.1
-47.30298747557246, 3.62364122507695, 1.1, 1.1
-46.95365282912678, 3.3285863221090826, 1.1, 1.1
-46.648038210958184, 2.9856157244603008, 1.1, 1.1
-46.39749290234442, 2.597967841050988, 1.1, 1.1
-46.21470415180102, 2.178765004203697, 1.1, 1.1
-46.1124377989113, 1.741710389063358, 1.1, 1.1
-46.103459409103756, 1.3005072621598979, 1.1, 1.1
-46.19239260456217, 0.8660156296812198, 1.1, 1.1
-46.35492633506554, 0.4389896917238289, 1.1, 1.1
-46.56032409090113, 0.01794014755189537, 1.1, 1.1
-46.77785009343586, -0.39862239495536855, 1.1, 1.1
-46.98085785834403, -0.8129322981340369, 1.1, 1.1
-47.15708480303143, -1.2298430173488872, 1.1, 1.1
-47.29742907660603, -1.65478400738409, 1.1, 1.1
-47.39278882817576, -2.093184266099012, 1.1, 1.1
-47.43396369385889, -2.5492253866132453, 1.1, 1.1
-47.41052527864597, -3.0114968597240623, 1.1, 1.1
-47.31120947204438, -3.457986058405343, 1.1, 1.1
-47.1247366281179, -3.866477846553808, 1.1, 1.1
-46.841835194098856, -4.215596093408004, 1.1, 1.1
-46.47802251941017, -4.494323153719498, 1.1, 1.1
-46.065471776761946, -4.6987653883859215, 1.1, 1.1
-45.631378948260135, -4.841005077470225, 1.1, 1.1
-45.19285669062012, -4.962817485859955, 1.1, 1.1
-44.7566134825629, -5.0811174218264075, 1.1, 1.1
-44.311819931863035, -5.159618109952051, 1.1, 1.1
-43.8510681906806, -5.160228195962505, 1.1, 1.1
-43.399659373921615, -5.069824707840496, 1.1, 1.1
-42.99046721141962, -4.887189392649326, 1.1, 1.1
-42.62787882107515, -4.626134447794355, 1.1, 1.1
-42.30568834146162, -4.306050665724117, 1.1, 1.1
-42.01767209108471, -3.946337977383399, 1.1, 1.1
-41.75769640263829, -3.5660484111642963, 1.1, 1.1
-41.52196057552697, -3.175190265403091, 1.1, 1.1
-41.30915661678076, -2.774110437417891, 1.1, 1.1
-41.11809807542997, -2.362684095349749, 1.1, 1.1
-40.9476380701937, -1.9408179351518366, 1.1, 1.1
-40.79765259167769, -1.5092370965025517, 1.1, 1.1
-40.66910739616688, -1.0695380746988634, 1.1, 1.1
-40.563021060454666, -0.6233599504303414, 1.1, 1.1
-40.480412252719375, -0.17234162161662497, 1.1, 1.1
-40.42229964113934, 0.2818779224376889, 1.1, 1.1
-40.389701711122974, 0.7376597838129685, 1.1, 1.1
-40.383637222233546, 1.1933648818196438, 1.1, 1.1
-40.40512456849451, 1.6473545926929722, 1.1, 1.1
-40.45450361058187, 2.0983725559668422, 1.1, 1.1
-40.529963007151494, 2.5463765517885215, 1.1, 1.1
-40.62926574570342, 2.9915643372171217, 1.1, 1.1
-40.75017481373765, 3.4341334865418305, 1.1, 1.1
-40.89162164688626, 3.8733607791684697, 1.1, 1.1
-41.06552796183287, 4.298283949135963, 1.1, 1.1
-41.28945109452098, 4.693354027824353, 1.1, 1.1
-41.553618245662946, 5.062959046983785, 1.1, 1.1
-41.832522866956815, 5.423110017605226, 1.1, 1.1
-42.11580537626998, 5.780333836488974, 1.1, 1.1
-42.40269320512845, 6.13513778156253, 1.1, 1.1
-42.692558356069114, 6.487938019945671, 1.1, 1.1
-42.984772923013765, 6.839150992913046, 1.1, 1.1
-43.27870890849931, 7.189192958969413, 1.1, 1.1
-43.573738406447575, 7.538480450774379, 1.1, 1.1
-43.86923332801047, 7.887429635447719, 1.1, 1.1
-44.16456576710982, 8.236456954264108, 1.1, 1.1
-44.45919244014285, 8.585923560595809, 1.1, 1.1
-44.753055957353034, 8.935874415844433, 1.1, 1.1
-45.04627146379329, 9.286242077907577, 1.1, 1.1
-45.33895465282627, 9.63695883052793, 1.1, 1.1
-45.63122094365978, 9.987956957448187, 1.1, 1.1
-45.923185846886554, 10.339168925180982, 1.1, 1.1
-46.21496496448434, 10.690527017469003, 1.1, 1.1
-46.50667389843082, 11.041963609439915, 1.1, 1.1
-46.79842605746463, 11.393411898686049, 1.1, 1.1
-47.09028733014379, 11.744828294580216, 1.1, 1.1
-47.38227306914206, 12.096193606280288, 1.1, 1.1
-47.674396342509056, 12.44748964817869, 1.1, 1.1
-47.966670309679415, 12.798698326052829, 1.1, 1.1
-48.25910803870281, 13.149801454295137, 1.1, 1.1
-48.55172259762885, 13.500780938683024, 1.1, 1.1
-48.84452696312228, 13.851618593608919, 1.1, 1.1
-49.137534386002635, 14.202296416235198, 1.1, 1.1
-49.43075775154967, 14.552796129569323, 1.1, 1.1
-49.72421021919799, 14.903099639388703, 1.1, 1.1
-50.01790494838222, 15.253188942855704, 1.1, 1.1
-50.311854824382074, 15.603045762977795, 1.1, 1.1
-50.60607309801716, 15.952652005532386, 1.1, 1.1
-50.90057283733712, 16.301989576296865, 1.1, 1.1
-51.19536692762167, 16.65104028966368, 1.1, 1.1
-51.49046871107536, 16.99978605141023, 1.1, 1.1
-51.78589098159297, 17.34820885869888, 1.1, 1.1
-52.081642786285784, 17.696300943807806, 1.1, 1.1
-52.37772531315832, 18.044072998777636, 1.1, 1.1
-52.67413929329029, 18.391537360578322, 1.1, 1.1
-52.97088527499145, 18.73870664033471, 1.1, 1.1
-53.267963989341524, 19.085593266401705, 1.1, 1.1
-53.56537598465027, 19.432209575749265, 1.1, 1.1
-53.86312180922747, 19.778568270887206, 1.1, 1.1
-54.161202194152814, 20.124681597400517, 1.1, 1.1
-54.45961777912106, 20.470562166414027, 1.1, 1.1
-54.75836902105701, 20.816222406282648, 1.1, 1.1
-55.05745674242533, 21.161674745361317, 1.1, 1.1
-55.356881400150826, 21.506931794774868, 1.1, 1.1
-55.65664372531321, 21.85200580010829, 1.1, 1.1
-55.956744266222245, 22.196909463871382, 1.1, 1.1
-56.25718366257268, 22.54165503164915, 1.1, 1.1
-56.55796255405926, 22.88625520595138, 1.1, 1.1
-56.859081123451894, 23.23072250651796, 1.1, 1.1
-57.15971635777723, 23.575646366357788, 1.1, 1.1
-57.45648555125891, 23.923408186211812, 1.1, 1.1
-57.74551023469833, 24.276736721063862, 1.1, 1.1
-58.02291175612701, 24.638360908667714, 1.1, 1.1
-58.28492231353611, 25.010855611730168, 1.1, 1.1
-58.52897682240982, 25.39512435337665, 1.1, 1.1
-58.75324941119496, 25.791044038062527, 1.1, 1.1
-58.95592444345424, 26.198476583109255, 1.1, 1.1
-59.13562237179189, 26.61712443907856, 1.1, 1.1
-59.295681854432324, 27.044963246278467, 1.1, 1.1
-59.44232867472396, 27.478912052079174, 1.1, 1.1
-59.58183028755823, 27.915874551177183, 1.1, 1.1
-59.7204256357182, 28.352769151247973, 1.1, 1.1
-59.8619029914443, 28.787778296769968, 1.1, 1.1
-60.00574685216245, 29.221303807423823, 1.1, 1.1
-60.15100535210197, 29.653972766823035, 1.1, 1.1
-60.29673055504559, 30.08640951703223, 1.1, 1.1
-60.4423007690926, 30.51901962451552, 1.1, 1.1
-60.58766756021282, 30.95182483889399, 1.1, 1.1
-60.732840249672435, 31.38480788840973, 1.1, 1.1
-60.877828250122576, 31.817951501304798, 1.1, 1.1
-61.022640882829464, 32.251238405821255, 1.1, 1.1
-61.16728756044423, 32.684651421586125, 1.1, 1.1
-61.311777787003, 33.118173185456506, 1.1, 1.1
-61.456120883771945, 33.55178660844441, 1.1, 1.1
-61.60032617201724, 33.98547432740691, 1.1, 1.1
-61.744403247159994, 34.41921916197104, 1.1, 1.1
-61.88836124769646, 34.85300374899394, 1.1, 1.1
-62.0322097690477, 35.286810999487535, 1.1, 1.1
-62.1759581324799, 35.720623641693955, 1.1, 1.1
-62.31961565925926, 36.15442431247027, 1.1, 1.1
-62.46319185342189, 36.58819583144349, 1.1, 1.1
-62.606696127618946, 37.02192101824068, 1.1, 1.1
-62.750137803116594, 37.45558260110386, 1.1, 1.1
-62.89354566617808, 37.889168334448094, 1.1, 1.1
-63.037008177447206, 38.32268196505681, 1.1, 1.1
-63.18062503791819, 38.75613007264732, 1.1, 1.1
-63.324495948585295, 39.18951932832191, 1.1, 1.1
-63.46872079321259, 39.622856220412906, 1.1, 1.1
-63.61339918140939, 40.05614732863765, 1.1, 1.1
-63.75863090555486, 40.489399506868295, 1.1, 1.1
-63.90451584941314, 40.92261915205227, 1.1, 1.1
-64.05110674210765, 41.35581750453994, 1.1, 1.1
-64.19795451793209, 41.78905451286681, 1.1, 1.1
-64.34430497678996, 42.2224195515263, 1.1, 1.1
-64.48939998903134, 42.65600245193667, 1.1, 1.1
-64.63248115085145, 43.08989331967108, 1.1, 1.1
-64.77279024121545, 43.52418180337786, 1.1, 1.1
-64.90956894770346, 43.95895800863014, 1.1, 1.1
-65.0420589578957, 44.39431158407624, 1.1, 1.1
-65.16857495031152, 44.83039084751055, 1.1, 1.1
-65.20983416431514, 45.27220588812371, 1.1, 1.1
-65.04400262466568, 45.71093878810257, 1.1, 1.1
-64.79354796993485, 46.08804651269313, 1.1, 1.1
-64.50424273466018, 46.426969304807606, 1.1, 1.1
-64.17668594727165, 46.766395536681166, 1.1, 1.1
-63.806832086858996, 47.051492037502335, 1.1, 1.1
-63.39007946362948, 47.1983239123433, 1.1, 1.1
-62.94544282091044, 47.187212414738255, 1.1, 1.1
-62.51455038518457, 47.06271931985502, 1.1, 1.1
-62.1143498633097, 46.86031999602797, 1.1, 1.1
-61.73696049026434, 46.60396488841562, 1.1, 1.1
-61.37349023503058, 46.31713490623848, 1.1, 1.1
-61.01504944259961, 46.02330355653513, 1.1, 1.1
-60.65519629557135, 45.73918249880496, 1.1, 1.1
-60.29444446882067, 45.462265500448105, 1.1, 1.1
-59.93453548558024, 45.18665512428677, 1.1, 1.1
-59.57721068631281, 44.90645521253273, 1.1, 1.1
-59.22432509437458, 44.617057769830765, 1.1, 1.1
-58.878055408190214, 44.317511661489945, 1.1, 1.1
-58.54063525901613, 44.00751029096066, 1.1, 1.1
-58.21429827810865, 43.68674733584823, 1.1, 1.1
-57.900882125681136, 43.355118525910285, 1.1, 1.1
-57.59837240300252, 43.01449131285797, 1.1, 1.1
-57.302583313244966, 42.667843932623114, 1.1, 1.1
-57.009304933950425, 42.31816714087739, 1.1, 1.1
-56.71487519551186, 41.968092550389386, 1.1, 1.1
-56.420961690727104, 41.616760502815694, 1.1, 1.1
-56.13223282041168, 41.26134537511213, 1.1, 1.1
-55.85339043227736, 40.89899979461337, 1.1, 1.1
-55.589088122775664, 40.52690691123154, 1.1, 1.1
-55.340715765803104, 40.144318007967954, 1.1, 1.1
-55.10438940906333, 39.753826681446704, 1.1, 1.1
-54.8757449636664, 39.358330566062584, 1.1, 1.1
-54.650442100812654, 38.96071166938174, 1.1, 1.1
-54.425705093647466, 38.56281002762655, 1.1, 1.1
-54.20128299906345, 38.16478382816732, 1.1, 1.1
-53.977153976054566, 37.766638919641636, 1.1, 1.1
-53.753296274999705, 37.36838105930215, 1.1, 1.1
-53.529688237662725, 36.970015821631605, 1.1, 1.1
-53.30630793165259, 36.57154914665252, 1.1, 1.1
-53.08313379011813, 36.17298651746272, 1.1, 1.1
-52.86014388066832, 35.774333874084704, 1.1, 1.1
-52.63731645368205, 35.37559688238621, 1.1, 1.1
-52.41462985092316, 34.97678120823489, 1.1, 1.1
-52.19206214000066, 34.5778926088834, 1.1, 1.1
-51.96959175406334, 34.17893675019943, 1.1, 1.1
-51.74719676072017, 33.77991957220555, 1.1, 1.1
-51.52485550173504, 33.38084655799948, 1.1, 1.1
-51.30254613610185, 32.98172355621888, 1.1, 1.1
-51.08024691419953, 32.582556232731406, 1.1, 1.1
-50.85793617779191, 32.183350436174656, 1.1, 1.1
-50.635587699394726, 31.78411841213364, 1.1, 1.1
-50.41316373701841, 31.38489114011069, 1.1, 1.1
-50.190624264049355, 30.985702523926907, 1.1, 1.1
-49.967929345258874, 30.586586924328277, 1.1, 1.1
-49.74503895403335, 30.187578336520872, 1.1, 1.1
-49.52191306375915, 29.788710847095754, 1.1, 1.1
-49.29851173920762, 29.39001854264397, 1.1, 1.1
-49.074795045150076, 28.991535692526526, 1.1, 1.1
-48.850722954972916, 28.593296291949496, 1.1, 1.1
-48.62625553344745, 28.195334427503933, 1.1, 1.1
-48.40135275396005, 27.797684185780923, 1.1, 1.1
-48.17597468128208, 27.400379836141433, 1.1, 1.1
-47.95008128879988, 27.003455282406577, 1.1, 1.1
-47.72363254989983, 26.606944793937373, 1.1, 1.1
-47.496588712123206, 26.21088245732484, 1.1, 1.1
-47.26890947470148, 25.815302359160075, 1.1, 1.1
-47.04055517656088, 25.420238494649144, 1.1, 1.1
-46.810913538451835, 25.026090124693752, 1.1, 1.1
-46.57647227072099, 24.635106324608948, 1.1, 1.1
-46.33280212700007, 24.250120942085584, 1.1, 1.1
-46.07547358676588, 23.873968373124313, 1.1, 1.1
-45.800188997996294, 23.509463640113697, 1.1, 1.1
-45.50538595198541, 23.159024423624825, 1.1, 1.1
-45.19208293414161, 22.82469345172715, 1.1, 1.1
-44.86139904471716, 22.508498922281078, 1.1, 1.1
-44.51445438919891, 22.212466108828206, 1.1, 1.1
-44.153087541649796, 21.936570977123363, 1.1, 1.1
-43.78112862862317, 21.67510754148548, 1.1, 1.1
-43.4027501047424, 21.42139345929285, 1.1, 1.1
-43.022124516015744, 21.16874647930875, 1.1, 1.1
-42.64250754312153, 20.912194071562087, 1.1, 1.1
-42.25846534479737, 20.66297055504769, 1.1, 1.1
-41.86071585900495, 20.439579465611956, 1.1, 1.1
-41.44888422462759, 20.24477944112156, 1.1, 1.1
-41.02730208889351, 20.072892642463895, 1.1, 1.1
-40.598176946959754, 19.920926669037957, 1.1, 1.1
-40.16252408576106, 19.787410954025265, 1.1, 1.1
-39.72134672941706, 19.670890191896078, 1.1, 1.1
-39.27564782789253, 19.569909351275545, 1.1, 1.1
-38.8264306053071, 19.483013035248987, 1.1, 1.1
-38.37469801162553, 19.408746303826515, 1.1, 1.1
-37.921453179582535, 19.345653942863365, 1.1, 1.1
-37.467691565575905, 19.292307879548655, 1.1, 1.1
-37.013928398024916, 19.24896408316268, 1.1, 1.1
-36.55992543633201, 19.21852201579949, 1.1, 1.1
-36.10537864272655, 19.20411216073859, 1.1, 1.1
-35.64998388805293, 19.20886518402945, 1.1, 1.1
-35.19371622421636, 19.235384003562377, 1.1, 1.1
-34.7379257726546, 19.283673462740406, 1.1, 1.1
-34.284385493027436, 19.35293933485339, 1.1, 1.1
-33.83486834499469, 19.44238739319121, 1.1, 1.1
-33.39095537979464, 19.551268555215245, 1.1, 1.1
-32.95328419031151, 19.679056717695698, 1.1, 1.1
-32.52220240494309, 19.825293950584882, 1.1, 1.1
-32.0980576520872, 19.989522415220048, 1.1, 1.1
-31.681197742911568, 20.171284455708417, 1.1, 1.1
-31.27197012304408, 20.37012205061732, 1.1, 1.1
-30.870722603652474, 20.58557754405396, 1.1, 1.1
-30.47780281313455, 20.817193005970648, 1.1, 1.1
-30.093558745427966, 21.064510780474567, 1.1, 1.1
-29.718542182937032, 21.327104465330144, 1.1, 1.1
-29.353853217841767, 21.604632189392202, 1.1, 1.1
-29.00068314451491, 21.896766063414876, 1.1, 1.1
-28.660223257329157, 22.203178289537224, 1.1, 1.1
-28.33366475927229, 22.523540978513395, 1.1, 1.1
-28.022198853332057, 22.857526241097467, 1.1, 1.1
-27.727016925266145, 23.204806279428542, 1.1, 1.1
-27.449310178062312, 23.565053204260742, 1.1, 1.1
-27.190033401810012, 23.9378527675585, 1.1, 1.1
-26.947979858077836, 24.322000698284402, 1.1, 1.1
-26.720785326497854, 24.715869704409062, 1.1, 1.1
-26.50607452912161, 25.11782838157979, 1.1, 1.1
-26.301472279385642, 25.526245416828836, 1.1, 1.1
-26.104603116571578, 25.93948931441854, 1.1, 1.1
-25.91309203688589, 26.355928944151078, 1.1, 1.1
-25.724563488225243, 26.773932901673756, 1.1, 1.1
-25.536656448695382, 27.191880200519613, 1.1, 1.1
-25.34782742627764, 27.608762681781013, 1.1, 1.1
-25.157788466954806, 28.024512811970578, 1.1, 1.1
-24.966358080191114, 28.43914237974849, 1.1, 1.1
-24.77335495822071, 28.85266353931478, 1.1, 1.1
-24.578597427737925, 29.26508826209955, 1.1, 1.1
-24.38190418097692, 29.67642861091786, 1.1, 1.1
-24.183093727401918, 30.08669673996975, 1.1, 1.1
-23.98198457647714, 30.49590452930035, 1.1, 1.1
-23.77799789584938, 30.903827811596354, 1.1, 1.1
-23.56863832772931, 31.30910294044554, 1.1, 1.1
-23.350833692443544, 31.710023393055927, 1.1, 1.1
-23.12151153616382, 32.10488255525059, 1.1, 1.1
-22.87766885763347, 32.49195928264352, 1.1, 1.1
-22.617635962200453, 32.86925727072629, 1.1, 1.1
-22.340947243480205, 33.23453119096727, 1.1, 1.1
-22.047180137405586, 33.585527033263475, 1.1, 1.1
-21.73591308514401, 33.91999115305166, 1.1, 1.1
-21.407079741212627, 34.23606560265686, 1.1, 1.1
-21.061555847708227, 34.53293888361097, 1.1, 1.1
-20.700371039004658, 34.80997102702074, 1.1, 1.1
-20.324555223630647, 35.06652206399294, 1.1, 1.1
-19.935138127345013, 35.301951751479486, 1.1, 1.1
-19.533149475906537, 35.515620211972085, 1.1, 1.1
-19.119618903689098, 35.70688738519254, 1.1, 1.1
-18.69557641060638, 35.875113119477696, 1.1, 1.1
-18.262092114570667, 36.019546595974674, 1.1, 1.1
-17.82059619024697, 36.13845351086285, 1.1, 1.1
-17.372706608398495, 36.229585702676786, 1.1, 1.1
-16.920043076102715, 36.29069044070295, 1.1, 1.1
-16.46423188015444, 36.319538206008254, 1.1, 1.1
-16.007247849595885, 36.315150631182924, 1.1, 1.1
-15.5515857939066, 36.27841396759443, 1.1, 1.1
-15.099782925188787, 36.21036643980311, 1.1, 1.1
-14.654366220428825, 36.11204727760386, 1.1, 1.1
-14.217323393948668, 35.984553283318085, 1.1, 1.1
-13.789840074253359, 35.82906688697712, 1.1, 1.1
-13.373037097909439, 35.64677746386946, 1.1, 1.1
-12.968034935943594, 35.43887429789867, 1.1, 1.1
-12.575954333537414, 35.20654685573822, 1.1, 1.1
-12.197915944487512, 34.95098451267659, 1.1, 1.1
-11.835040422590495, 34.673376461232394, 1.1, 1.1
-11.488448421642984, 34.37491235084899, 1.1, 1.1
-11.15932822031394, 34.05679617840894, 1.1, 1.1
-10.84917971999484, 33.720301393366334, 1.1, 1.1
-10.559593293190177, 33.366721001557295, 1.1, 1.1
-10.292159221019483, 32.997348282972865, 1.1, 1.1
-10.048272769092042, 32.613523672244696, 1.1, 1.1
-9.825807317942699, 32.21744296725469, 1.1, 1.1
-9.619576862327719, 31.812044925630786, 1.1, 1.1
-9.424293594154971, 31.400293070325784, 1.1, 1.1
-9.234672538266205, 30.985149187978255, 1.1, 1.1
-9.046682155650439, 30.568883189674686, 1.1, 1.1
-8.85945319254322, 30.15201834571107, 1.1, 1.1
-8.672607954894048, 29.73480678719928, 1.1, 1.1
-8.485768657267446, 29.3175005538662, 1.1, 1.1
-8.298557331458005, 28.900351685438768, 1.1, 1.1
-8.110596466185173, 28.48361222164387, 1.1, 1.1
-7.921508093243514, 28.067534202208417, 1.1, 1.1
-7.730914427197576, 27.652369758244294, 1.1, 1.1
-7.539048134162177, 27.238029698027955, 1.1, 1.1
-7.351329439040275, 26.821525367741877, 1.1, 1.1
-7.175292483690153, 26.398740971439548, 1.1, 1.1
-6.992790773314335, 25.982672821580067, 1.1, 1.1
-6.749008683014204, 25.61083051576576, 1.1, 1.1
-6.419951628694334, 25.304130335626187, 1.1, 1.1
-6.029622419096768, 25.05711394872899, 1.1, 1.1
-5.605684104871431, 24.8623114568446, 1.1, 1.1
-5.175394535743983, 24.71230989457515, 1.1, 1.1
-4.746899950052302, 24.60239069076071, 1.1, 1.1
-4.301384915072558, 24.531636248991596, 1.1, 1.1
-3.828566063730977, 24.505488909331714, 1.1, 1.1
-3.364433901396241, 24.55599043291494, 1.1, 1.1
-2.9484181151203335, 24.71217930546356, 1.1, 1.1
-2.5798188788595007, 24.958363815046027, 1.1, 1.1
-2.247026829732372, 25.26669183552476, 1.1, 1.1
-1.9384326048575176, 25.609311057992272, 1.1, 1.1
-1.6435525213231326, 25.962330346130816, 1.1, 1.1
-1.356712669570049, 26.31877574790295, 1.1, 1.1
-1.0735226418390527, 26.676189007814216, 1.1, 1.1
-0.7895922131409043, 27.03211196175506, 1.1, 1.1
-0.5007734200222597, 27.38425532502688, 1.1, 1.1
-0.20687280051723833, 27.733084704014225, 1.1, 1.1
0.08908251848733681, 28.081309480088876, 1.1, 1.1
0.38397164913300996, 28.431704283485914, 1.1, 1.1
0.674663651215448, 28.78704548075472, 1.1, 1.1
0.9552014131763118, 29.150595880600687, 1.1, 1.1
1.212936616494158, 29.526768919793586, 1.1, 1.1
1.4342522620438085, 29.920144995429876, 1.1, 1.1
1.605531442085007, 30.33530432183609, 1.1, 1.1
1.714554342186075, 30.775493715349196, 1.1, 1.1
1.7600569255440262, 31.233500891949255, 1.1, 1.1
1.7459449854612603, 31.697178871019762, 1.1, 1.1
1.6761547464327637, 32.154351337371246, 1.1, 1.1
1.555169920264528, 32.59419511295571, 1.1, 1.1
1.3916999508191032, 33.016323182456496, 1.1, 1.1
1.1964191500403532, 33.425202717001355, 1.1, 1.1
0.980012978837572, 33.82532766351215, 1.1, 1.1
0.7530712180641792, 34.221151119832385, 1.1, 1.1
0.5222189119703518, 34.61542340779708, 1.1, 1.1
0.28878013727945767, 35.00861863259235, 1.1, 1.1
0.05370904438624447, 35.40105179818433, 1.1, 1.1
-0.18204853234617988, 35.793035898069974, 1.1, 1.1
-0.4178911884788106, 36.18479235801375, 1.1, 1.1
-0.6536781911691883, 36.576419965160206, 1.1, 1.1
-0.8893004267719756, 36.96800946477727, 1.1, 1.1
-1.1246492385665876, 37.35965114520799, 1.1, 1.1
-1.3596156042926517, 37.75143575172023, 1.1, 1.1
-1.5940906844596527, 38.14345357265709, 1.1, 1.1
-1.8279656395771342, 38.53579517051652, 1.1, 1.1
-2.0611315387696303, 38.928551107796466, 1.1, 1.1
-2.2935110703587815, 39.3217887352144, 1.1, 1.1
-2.525156872083058, 39.71548027174164, 1.1, 1.1
-2.756154937192276, 40.10957335379466, 1.1, 1.1
-2.986591350321231, 40.504015800559756, 1.1, 1.1
-3.216552196104703, 40.89875506568345, 1.1, 1.1
-3.446123559177489, 41.29373915112201, 1.1, 1.1
-3.6753913414044526, 41.68891541913698, 1.1, 1.1
-3.90444171880534, 42.084231780299625, 1.1, 1.1
-4.133360776014947, 42.47963587102639, 1.1, 1.1
-4.36223450628309, 42.87507532773368, 1.1, 1.1
-4.591148994244563, 43.27049796960786, 1.1, 1.1
-4.820190233149183, 43.665851250295404, 1.1, 1.1
-5.049444399016709, 44.06108308036763, 1.1, 1.1
-5.278997485096973, 44.45614109624095, 1.1, 1.1
-5.508935576024755, 44.850972934331786, 1.1, 1.1
-5.739344665049885, 45.245526322441535, 1.1, 1.1
-5.970310836807145, 45.63974889698657, 1.1, 1.1
-6.201908021731308, 46.033595696565314, 1.1, 1.1
-6.434117394520061, 46.4270774132184, 1.1, 1.1
-6.666877818633423, 46.82023032677597, 1.1, 1.1
-6.900127883376501, 47.213090808453146, 1.1, 1.1
-7.133806086669454, 47.605695046695146, 1.1, 1.1
-7.367851017817403, 47.99807968687196, 1.1, 1.1
-7.602201174740505, 48.390280826043835, 1.1, 1.1
-7.8367953295138, 48.78233501819583, 1.1, 1.1
-8.071571797287529, 49.17427863454302, 1.1, 1.1
-8.306469258751779, 49.56614786353068, 1.1, 1.1
-8.541426394596595, 49.957979167758836, 1.1, 1.1
-8.776381611357213, 50.34980900982758, 1.1, 1.1
-9.01127349833874, 50.74167357818212, 1.1, 1.1
-9.246040644846277, 51.13360933542256, 1.1, 1.1
-9.480621640184955, 51.52565265276398, 1.1, 1.1
-9.714954982274936, 51.91783990142154, 1.1, 1.1
-9.948979351806305, 52.31020745261035, 1.1, 1.1
-10.182643207660126, 52.70278573752296, 1.1, 1.1
-10.415936040565706, 53.09558142726164, 1.1, 1.1
-10.648857484983205, 53.48859488736627, 1.1, 1.1
-10.881407449527643, 53.88182675753153, 1.1, 1.1
-11.113585660044146, 54.27527740329731, 1.1, 1.1
-11.345391933762782, 54.66894728158843, 1.1, 1.1
-11.576826179298587, 55.06283694071464, 1.1, 1.1
-11.80788793972675, 55.45694683760078, 1.1, 1.1
-12.038577215047278, 55.85127742917165, 1.1, 1.1
-12.26889382249023, 56.24582917235204, 1.1, 1.1
-12.498837305130811, 56.64060261545177, 1.1, 1.1
-12.728407754353967, 57.035598124010654, 1.1, 1.1
-12.957604804619868, 57.43081633772344, 1.1, 1.1
-13.1864281817736, 57.82625753074503, 1.1, 1.1
-13.414877885815184, 58.22192234277016, 1.1, 1.1
-13.642953551204757, 58.617811139338656, 1.1, 1.1
-13.870654995172405, 59.01392456014529, 1.1, 1.1
-14.097989985439947, 59.410258035941915, 1.1, 1.1
-14.325025872724819, 59.80677062626527, 1.1, 1.1
-14.551857149078394, 60.203404575818986, 1.1, 1.1
-14.778578672091859, 60.6001023120766, 1.1, 1.1
-15.00528493381657, 60.99680589697184, 1.1, 1.1
-15.23207060907379, 61.393457575208295, 1.1, 1.1
-15.459030464069768, 61.789999682874566, 1.1, 1.1
-15.686259173625778, 62.18637437328931, 1.1, 1.1
-15.913851321178129, 62.58252398254115, 1.1, 1.1
-16.141901672933063, 62.9783906639487, 1.1, 1.1
-16.37050481232688, 63.373916662215606, 1.1, 1.1
-16.59975550556583, 63.769044222045466, 1.1, 1.1
-16.82974842747119, 64.16371558814197, 1.1, 1.1
-17.06057816147926, 64.55787300520866, 1.1, 1.1
-17.292339473796286, 64.95145871794918, 1.1, 1.1
-17.525126947858574, 65.34441497106721, 1.1, 1.1
-17.759035349872374, 65.73668391788134, 1.1, 1.1
-17.993755981433942, 66.12847839396954, 1.1, 1.1
-18.227347094857517, 66.52110639230182, 1.1, 1.1
-18.45745379104134, 66.91615289366986, 1.1, 1.1
-18.681721262268585, 67.31520297025031, 1.1, 1.1
-18.89908615311422, 67.71898559988996, 1.1, 1.1
-19.128095041742082, 68.11523043227284, 1.1, 1.1
-19.40248213879376, 68.481476962671, 1.1, 1.1
-19.74449246325533, 68.77573681646408, 1.1, 1.1
-20.14951317636858, 68.91289403946728, 1.1, 1.1
-20.595113930443265, 68.84985751471629, 1.1, 1.1
-21.028253979324784, 68.64725138671882, 1.1, 1.1
-21.399736228386374, 68.37345609868508, 1.1, 1.1
-21.71468636879644, 68.05678371726944, 1.1, 1.1
-21.999544720405034, 67.70856771415122, 1.1, 1.1
-22.269163898416945, 67.34000183340176, 1.1, 1.1
-22.533468309772786, 66.96224628081114, 1.1, 1.1
-22.802364815500297, 66.58646126216955, 1.1, 1.1
-23.08539629032114, 66.22379985523996, 1.1, 1.1
-23.389602209290945, 65.88536469328602, 1.1, 1.1
-23.7209681960764, 65.58223775656987, 1.1, 1.1
-24.0854761275607, 65.32550075119872, 1.1, 1.1
-24.48883948299187, 65.12607948053356, 1.1, 1.1
-24.92783173349465, 64.98971164083748, 1.1, 1.1
-25.388411031252623, 64.91585787806109, 1.1, 1.1
-25.855887883219257, 64.90360324595865, 1.1, 1.1
-26.315572979117988, 64.95203261551444, 1.1, 1.1
-26.755304351198447, 65.0594581064689, 1.1, 1.1
-27.172156766807138, 65.22136740352269, 1.1, 1.1
-27.565314340997798, 65.43260328769529, 1.1, 1.1
-27.933961188824153, 65.68800863139113, 1.1, 1.1
-28.2773663219702, 65.98236663263407, 1.1, 1.1
-28.59590578955711, 66.30968399142051, 1.1, 1.1
-28.89073058518911, 66.66342375860437, 1.1, 1.1
-29.16300787760877, 67.03703783607396, 1.1, 1.1
-29.413831179278816, 67.4242276980506, 1.1, 1.1
-29.64333857287777, 67.82194044708805, 1.1, 1.1
-29.85100011700739, 68.22939099497242, 1.1, 1.1
-30.03627234529498, 68.64584104259069, 1.1, 1.1
-30.19861179136782, 69.07055210805996, 1.1, 1.1
-30.337474806083296, 69.50278570949723, 1.1, 1.1
-30.452317923068694, 69.94180354778956, 1.1, 1.1
-30.542597675951317, 70.386867049669, 1.1, 1.1
-30.607770506973495, 70.8372377332526, 1.1, 1.1
-30.647298981170056, 71.29204131860305, 1.1, 1.1
-30.66068514187967, 71.74951718303042, 1.1, 1.1
-30.64744693342454, 72.20755031295985, 1.1, 1.1
-30.607102482896735, 72.66402478096684, 1.1, 1.1
-30.539169734618465, 73.11682465962684, 1.1, 1.1
-30.44316654152691, 73.56383393013039, 1.1, 1.1
-30.318611030714198, 74.00293666505297, 1.1, 1.1
-30.16502114650249, 74.43201684558512, 1.1, 1.1
-29.98196253616447, 74.84898340101213, 1.1, 1.1
-29.77046885501231, 75.25251234599556, 1.1, 1.1
-29.533282474389328, 75.64217243489679, 1.1, 1.1
-29.27324217677432, 76.01758286657662, 1.1, 1.1
-28.993186561876254, 76.37836274851084, 1.1, 1.1
-28.69540911810199, 76.7238931303476, 1.1, 1.1
-28.3802976832329, 77.05272263611054, 1.1, 1.1
-28.047824293470416, 77.36321867344247, 1.1, 1.1
-27.69796080224605, 77.6537481016764, 1.1, 1.1
-27.331001469139444, 77.9229904081025, 1.1, 1.1
-26.94835974536745, 78.17070808320287, 1.1, 1.1
-26.55169207476254, 78.39689911650828, 1.1, 1.1
-26.14265462700227, 78.60156122339478, 1.1, 1.1
-25.72290393730405, 78.78469239339313, 1.1, 1.1
-25.29409608396052, 78.94629034187926, 1.1, 1.1
-24.857887510804133, 79.08635296699907, 1.1, 1.1
-24.41593457028237, 79.20487807551343, 1.1, 1.1
-23.969847099896764, 79.30187919239677, 1.1, 1.1
-23.520662775897875, 79.37756357874441, 1.1, 1.1
-23.069033995533854, 79.43226890199311, 1.1, 1.1
-22.615606210795683, 79.46633520558889, 1.1, 1.1
-22.161024782289395, 79.48010235020766, 1.1, 1.1
-21.705934979236037, 79.47391056206531, 1.1, 1.1
-21.25098225362661, 79.44809979322278, 1.1, 1.1
-20.796811783297223, 79.40301008712594, 1.1, 1.1
-20.344069020238855, 79.33898139583577, 1.1, 1.1
-19.893501950370567, 79.25624766485656, 1.1, 1.1
-19.446499716509127, 79.15438039009862, 1.1, 1.1
-19.004698109485464, 79.03269592065656, 1.1, 1.1
-18.569733285670345, 78.8905101487002, 1.1, 1.1
-18.14324158420443, 78.72713905778434, 1.1, 1.1
-17.726859344228412, 78.54189854007878, 1.1, 1.1
-17.32222290488298, 78.33410448775335, 1.1, 1.1
-16.93096851392385, 78.10307279297788, 1.1, 1.1
-16.554643044613307, 77.84823038065181, 1.1, 1.1
-16.19225113193848, 77.57216243998265, 1.1, 1.1
-15.83995122622569, 77.28099002715172, 1.1, 1.1
-15.493751358152785, 76.98102098920387, 1.1, 1.1
-15.149660106707392, 76.67856244210432, 1.1, 1.1
-14.807580421059194, 76.37542974813553, 1.1, 1.1
-14.480539775939539, 76.05830108160157, 1.1, 1.1
-14.179090392982218, 75.7162697385986, 1.1, 1.1
-13.896142535402165, 75.35729635460547, 1.1, 1.1
-13.622827932271797, 74.99109039913073, 1.1, 1.1
-13.35675915144265, 74.61991575185331, 1.1, 1.1
-13.096905918846145, 74.24447772191479, 1.1, 1.1
-12.842237777643758, 73.86548143568669, 1.1, 1.1
-12.591724362381964, 73.48363211092557, 1.1, 1.1
-12.344335124837269, 73.09963487400303, 1.1, 1.1
-12.099039790941097, 72.7141949426756, 1.1, 1.1
-11.854807903854942, 72.32801744331485, 1.1, 1.1
-11.610659085699815, 71.94177332431636, 1.1, 1.1
-11.366210616252259, 71.55572504329278, 1.1, 1.1
-11.121472456473182, 71.16986620329668, 1.1, 1.1
-10.876461329810764, 70.78418620367243, 1.1, 1.1
-10.631193868328204, 70.39867407822452, 1.1, 1.1
-10.385687069628528, 70.0133189521424, 1.1, 1.1
-10.139957565774955, 69.62810995061552, 1.1, 1.1
-9.894022171600593, 69.24303629021826, 1.1, 1.1
-9.647897519168644, 68.85808718752506, 1.1, 1.1
-9.401600606082148, 68.47325167634041, 1.1, 1.1
-9.15514806440433, 68.08851888185374, 1.1, 1.1
-8.908556708968263, 67.70387802063945, 1.1, 1.1
-8.661843263222151, 67.31931821788703, 1.1, 1.1
-8.415024541999099, 66.93482869017086, 1.1, 1.1
-8.168117268747274, 66.55039847129541, 1.1, 1.1
-7.921138258299784, 66.16601677783511, 1.1, 1.1
-7.6741042341047985, 65.78167273497944, 1.1, 1.1
-7.427032010995438, 65.3973554679178, 1.1, 1.1
-7.179938312419858, 65.01305419322462, 1.1, 1.1
-6.932839953211193, 64.62875803608935, 1.1, 1.1
-6.685753748202549, 64.24445603031646, 1.1, 1.1
-6.438696329457131, 63.86013757525029, 1.1, 1.1
-6.191684511808059, 63.475791521925444, 1.1, 1.1
-5.944735110088468, 63.091407269686215, 1.1, 1.1
-5.697864847746484, 62.70697376095211, 1.1, 1.1
-5.451090631000237, 62.32248030368254, 1.1, 1.1
-5.204429000527922, 61.93791593168197, 1.1, 1.1
-4.9578968625476545, 61.55326986152483, 1.1, 1.1
-4.71151103189254, 61.16853130978549, 1.1, 1.1
-4.465288140625768, 60.78368921888352, 1.1, 1.1
-4.21924509496544, 60.398732896778284, 1.1, 1.1
-3.9733985269747443, 60.01365146865922, 1.1, 1.1
-3.727765251486803, 59.62843405971576, 1.1, 1.1
-3.4823621747197158, 59.24306979513738, 1.1, 1.1
-3.2372043751922916, 58.857548896733064, 1.1, 1.1
-2.9922891113556584, 58.47187291804719, 1.1, 1.1
-2.747601944385736, 58.08605127173089, 1.1, 1.1
-2.503128069918567, 57.70009327905035, 1.1, 1.1
-2.258852866360126, 57.31400835265674, 1.1, 1.1
-2.014761529346485, 56.9278059052012, 1.1, 1.1
-1.7708394372836176, 56.54149516656496, 1.1, 1.1
-1.5270717858075826, 56.15508573216909, 1.1, 1.1
-1.2834439533243536, 55.76858692327978, 1.1, 1.1
-1.0399412268549388, 55.38200815254817, 1.1, 1.1
-0.796548802035426, 54.995358741240445, 1.1, 1.1
-0.5532519658868087, 54.608648102007784, 1.1, 1.1
-0.310036188200041, 54.2218856475013, 1.1, 1.1
-0.06688657322620058, 53.8350806989872, 1.1, 1.1
0.1762115920136892, 53.44824276050161, 1.1, 1.1
0.4192729291136249, 53.06138115331069, 1.1, 1.1
0.6623121510526129, 52.67450538145056, 1.1, 1.1
0.9053439708096447, 52.28762458341748, 1.1, 1.1
1.1483831927486325, 51.900748446017516, 1.1, 1.1
1.3914444384636178, 51.51388610774688, 1.1, 1.1
1.6345425123185273, 51.12704716402669, 1.1, 1.1
1.8776920359074025, 50.74024084473817, 1.1, 1.1
2.12090772220922, 50.353476653917376, 1.1, 1.1
2.364204284202941, 49.9667638214456, 1.1, 1.1
2.607596526252538, 49.58011194274391, 1.1, 1.1
2.851099069952022, 49.193530339078464, 1.1, 1.1
3.094726628280355, 48.807028331715436, 1.1, 1.1
3.3384939142165435, 48.420615424690986, 1.1, 1.1
3.582415732124529, 48.03430084788632, 1.1, 1.1
3.826506703598324, 47.648094105337535, 1.1, 1.1
4.0707815416169035, 47.2620046096958, 1.1, 1.1
4.315254959159261, 46.87604168222729, 1.1, 1.1
4.559941760589337, 46.49021482696811, 1.1, 1.1
4.804856567501157, 46.10453318241456, 1.1, 1.1
5.05001391010377, 45.71900634398768, 1.1, 1.1
5.295415798866352, 45.333635408307025, 1.1, 1.1
5.541040210012906, 44.94840639347332, 1.1, 1.1
5.786862743758441, 44.56330385542787, 1.1, 1.1
6.032859000317903, 44.17831225872706, 1.1, 1.1
6.279004305751405, 43.79341606792722, 1.1, 1.1
6.525274443043839, 43.40859974758472, 1.1, 1.1
6.771644829640285, 43.02384776225588, 1.1, 1.1
7.0180908829857716, 42.639144485112126, 1.1, 1.1
7.264588386065209, 42.25447456347975, 1.1, 1.1
7.511112664938693, 41.86982227914515, 1.1, 1.1
7.757639411206168, 41.485172096664655, 1.1, 1.1
8.004144042312696, 41.10050866336462, 1.1, 1.1
8.250602158473253, 40.715816261031435, 1.1, 1.1
8.496989268517853, 40.331079445606406, 1.1, 1.1
8.743280972661474, 39.94628268164588, 1.1, 1.1
8.98945268834916, 39.561410433706264, 1.1, 1.1
9.235480015795924, 39.17644707495889, 1.1, 1.1
9.481339651836278, 38.79137789242481, 1.1, 1.1
9.727012222858134, 38.40619027497917, 1.1, 1.1
9.972478994944188, 38.02087225119188, 1.1, 1.1
10.217721508331957, 37.635411758247855, 1.1, 1.1
10.462721029104124, 37.24979682471701, 1.1, 1.1
10.707458914728303, 36.864015296399295, 1.1, 1.1
10.951916522672128, 36.47805529324959, 1.1, 1.1
11.196075301788182, 36.09190466106785, 1.1, 1.1
11.439916609544095, 35.70555133703902, 1.1, 1.1
11.683421803407485, 35.318983349732996, 1.1, 1.1
11.926572240845985, 34.93218872771969, 1.1, 1.1
12.169349279327225, 34.54515531679905, 1.1, 1.1
12.411734367703772, 34.157871145540945, 1.1, 1.1
12.653708772058309, 33.77032405974542, 1.1, 1.1
12.895253941243416, 33.382502179367286, 1.1, 1.1
13.136351141341763, 32.994393441591484, 1.1, 1.1
13.376982278130741, 32.60598596637287, 1.1, 1.1
13.617164988908131, 32.21729126821675, 1.1, 1.1
13.856983896149341, 31.828363538405934, 1.1, 1.1
14.096530384816965, 31.439261628856364, 1.1, 1.1
14.335896296798468, 31.050044574253906, 1.1, 1.1
14.575173199826358, 30.660771135129504, 1.1, 1.1
14.814452661633219, 30.271500346169013, 1.1, 1.1
15.053826341336539, 29.882291059288367, 1.1, 1.1
15.293385898053836, 29.493202126403506, 1.1, 1.1
15.533222990902603, 29.104292490815297, 1.1, 1.1
15.773429187615392, 28.715621004439676, 1.1, 1.1
16.014096055924757, 28.327246701962494, 1.1, 1.1
16.25531534633315, 27.939228343914717, 1.1, 1.1
16.497178626573138, 27.551624873597245, 1.1, 1.1
16.73977755576223, 27.16449523431096, 1.1, 1.1
16.983203793017918, 26.777898277971786, 1.1, 1.1
17.227548814687797, 26.391892947880617, 1.1, 1.1
17.47290446265929, 26.006538095953392, 1.1, 1.1
17.719326573144567, 25.621869727865363, 1.1, 1.1
17.96675556314801, 25.237849553317204, 1.1, 1.1
18.215108546508482, 24.854423929335855, 1.1, 1.1
18.464302362910047, 24.471539578488105, 1.1, 1.1
18.714254217576542, 24.08914294918586, 1.1, 1.1
18.96488085880704, 23.707180672610956, 1.1, 1.1
19.21609949182538, 23.32559937994521, 1.1, 1.1
19.467827047700556, 22.944345428215566, 1.1, 1.1
19.71998045750154, 22.563365539988833, 1.1, 1.1
19.972476743682282, 22.18260625506186, 1.1, 1.1
20.22523302008168, 21.802014113231525, 1.1, 1.1
20.478166126383744, 21.42153565429469, 1.1, 1.1
20.731193085042435, 21.041117418048213, 1.1, 1.1
20.98423091851166, 20.660706035673947, 1.1, 1.1
21.23719674063034, 20.28024804696874, 1.1, 1.1
21.490007391082504, 19.899689900344494, 1.1, 1.1
21.742580075092, 19.518978501137934, 1.1, 1.1
21.994856214897784, 19.13807574181965, 1.1, 1.1
22.246820640596084, 18.75697202696857, 1.1, 1.1
22.498463117071058, 18.37566059409744, 1.1, 1.1
22.74977359197683, 17.994134589334084, 1.1, 1.1
23.000741647427663, 17.61238743296118, 1.1, 1.1
23.251357139692715, 17.23041236249151, 1.1, 1.1
23.501609742271192, 16.848202615437824, 1.1, 1.1
23.751489220047297, 16.465751429312895, 1.1, 1.1
24.000985337905213, 16.083052041629493, 1.1, 1.1
24.250087860729103, 15.7000978726703, 1.1, 1.1
24.498786553403193, 15.316881977178168, 1.1, 1.1
24.74707108942668, 14.933397775435774, 1.1, 1.1
24.99493141645368, 14.549638504955892, 1.1, 1.1
25.242357025213497, 14.165597403251299, 1.1, 1.1
25.489337863360234, 13.781267707834742, 1.1, 1.1
25.735863604393135, 13.396642838988923, 1.1, 1.1
25.981924013196345, 13.011715851456675, 1.1, 1.1
26.22752064331428, 12.62648765908763, 1.1, 1.1
26.472692424740988, 12.240983575516442, 1.1, 1.1
26.717486146577336, 11.855233757780764, 1.1, 1.1
26.961948415154247, 11.4692682715333, 1.1, 1.1
27.20612592818765, 11.08311727381172, 1.1, 1.1
27.45006538339341, 10.696810921653675, 1.1, 1.1
27.693813478487442, 10.31037937209685, 1.1, 1.1
27.93741672841573, 9.923852782178894, 1.1, 1.1
28.180921922279122, 9.537261217552516, 1.1, 1.1
28.42437566640856, 9.150634835255381, 1.1, 1.1
28.667824749904902, 8.764003883710116, 1.1, 1.1
28.911315687714126, 8.377398428569425, 1.1, 1.1
29.154895177552138, 7.9908486268709655, 1.1, 1.1
29.39861000851977, 7.604384635652406, 1.1, 1.1
29.642506695563043, 7.218036611951414, 1.1, 1.1
29.886631936397805, 6.831834621420687, 1.1, 1.1
30.13103233735504, 6.445808729712928, 1.1, 1.1
30.37573403453401, 6.059975934431187, 1.1, 1.1
30.620727066973828, 5.67432993001305, 1.1, 1.1
30.86599736139025, 5.288861669347204, 1.1, 1.1
31.11153093588396, 4.903562105322355, 1.1, 1.1
31.35731371717075, 4.5184224649820965, 1.1, 1.1
31.603331906121245, 4.13343360983016, 1.1, 1.1
31.84957124668129, 3.7485867669101305, 1.1, 1.1
32.096017848336544, 3.363872889110721, 1.1, 1.1
32.34265782057272, 2.9792830207055783, 1.1, 1.1
32.58947690733562, 2.5948082059683872, 1.1, 1.1
32.83646140088085, 2.210439489172789, 1.1, 1.1
33.083597045154285, 1.826168005977425, 1.1, 1.1
33.33086994964155, 1.4419847092709859, 1.1, 1.1
33.57826613244341, 1.0578807347121064, 1.1, 1.1
33.82577161166054, 0.6738470351894765, 1.1, 1.1
34.07337231400875, 0.28987465497676596, 1.1, 1.1
34.321054166203766, -0.09404527026739735, 1.1, 1.1
34.5688033691162, -0.47792178765431625, 1.1, 1.1
34.81660575807691, -0.8617637615253704, 1.1, 1.1
35.06444744257154, -1.2455801476068824, 1.1, 1.1
35.31231434931584, -1.62937999301017, 1.1, 1.1
35.56019249641056, -2.0131721620765903, 1.1, 1.1
35.80806790195639, -2.396965701917447, 1.1, 1.1
36.0559264926691, -2.7807693854891604, 1.1, 1.1
36.3037542866494, -3.164592351287985, 1.1, 1.1
36.55153739338299, -3.548443463655296, 1.1, 1.1
36.799261648200655, -3.9323317697023934, 1.1, 1.1
37.04691316058807, -4.316266042385695, 1.1, 1.1
37.29447794864595, -4.700255328816487, 1.1, 1.1
37.541941847705104, -5.084308676106078, 1.1, 1.1
37.789291058636174, -5.468434857210878, 1.1, 1.1
38.036511508154895, -5.852642919242186, 1.1, 1.1
38.28358912297705, -6.236941909311301, 1.1, 1.1
38.53050992120335, -6.6213406003746345, 1.1, 1.1
38.77726467295257, -7.00584502383972, 1.1, 1.1
39.0238717466022, -7.390443939356154, 1.1, 1.1
39.270359105950796, -7.775119618241193, 1.1, 1.1
39.5167549889518, -8.159854605966972, 1.1, 1.1
39.76308763355867, -8.544631265235703, 1.1, 1.1
40.00938518633989, -8.92943205013457, 1.1, 1.1
40.25567579386397, -9.314239323365777, 1.1, 1.1
40.50198760269936, -9.699035630401474, 1.1, 1.1
40.74834875941457, -10.083803333943873, 1.1, 1.1
40.99478750196304, -10.468524888080143, 1.1, 1.1
41.241332068298235, -10.853182655512505, 1.1, 1.1
41.48801042221869, -11.237759090328138, 1.1, 1.1
41.73485089306285, -11.622236646614216, 1.1, 1.1
41.98188162739918, -12.006597778457913, 1.1, 1.1
42.229130771796186, -12.390824757176482, 1.1, 1.1
42.47662656420729, -12.774900219627026, 1.1, 1.1
42.72439696843108, -13.158806437126799, 1.1, 1.1
42.972459713150286, -13.542532260710358, 1.1, 1.1
43.22071381798121, -13.926136176753783, 1.1, 1.1
43.46898400656557, -14.309720627800164, 1.1, 1.1
43.717094180080366, -14.69338869608735, 1.1, 1.1
43.96486823970266, -15.077243372468205, 1.1, 1.1
44.21212981245456, -15.461387647795604, 1.1, 1.1
44.4587028908981, -15.84592460430738, 1.1, 1.1
44.70441119344035, -16.230957141471453, 1.1, 1.1
44.94906875168238, -16.616594372933182, 1.1, 1.1
45.19158826733896, -17.003490615024937, 1.1, 1.1
45.42926712152551, -17.393277637639265, 1.1, 1.1
45.65923491256615, -17.787688830747157, 1.1, 1.1
45.87862123878494, -18.188457584319604, 1.1, 1.1
46.08396370671814, -18.598800100731058, 1.1, 1.1
46.25064494375006, -19.028930477253635, 1.1, 1.1
46.1941530444821, -19.455857810836363, 1.1, 1.1
45.85031045151998, -19.735937825519454, 1.1, 1.1
45.430098633300396, -19.744276063663843, 1.1, 1.1
45.017783024161, -19.559003287066478, 1.1, 1.1
44.6200210186287, -19.309911639053134, 1.1, 1.1
44.23516841845603, -19.058366761718233, 1.1, 1.1
43.854925641337786, -18.809015214871188, 1.1, 1.1
43.47431321204575, -18.563603273762716, 1.1, 1.1
43.09126948582319, -18.32288952496753, 1.1, 1.1
42.70382073024743, -18.087603037717415, 1.1, 1.1
42.309997964913855, -17.85846895169077, 1.1, 1.1
41.90928440785884, -17.635076857020458, 1.1, 1.1
41.50466057963823, -17.414281283293086, 1.1, 1.1
41.099623234461795, -17.19253311271536, 1.1, 1.1
40.69766894376928, -16.966283593033832, 1.1, 1.1
40.302294187615516, -16.731983697840167, 1.1, 1.1
39.916995537440286, -16.486084492110997, 1.1, 1.1
39.545269747453325, -16.22503704082297, 1.1, 1.1
39.19061311493952, -15.94529240895269, 1.1, 1.1
38.85604088674052, -15.64381195510808, 1.1, 1.1
38.540702817164124, -15.321653277461541, 1.1, 1.1
38.24188861098892, -14.981845330599128, 1.1, 1.1
37.95687627571832, -14.6274293146919, 1.1, 1.1
37.68294354470079, -14.261446704065785, 1.1, 1.1
37.417368425439726, -13.886938973046721, 1.1, 1.1
37.15742883405353, -13.506947413190725, 1.1, 1.1
36.90040268666064, -13.12451340743877, 1.1, 1.1
36.64359366993896, -12.742648364464092, 1.1, 1.1
36.38546971499011, -12.363016404436008, 1.1, 1.1
36.12610703687296, -11.985420044450304, 1.1, 1.1
35.86569955447815, -11.609525546623473, 1.1, 1.1
35.60444127808136, -11.234998898917151, 1.1, 1.1
35.342526126573226, -10.8615064548328, 1.1, 1.1
35.080148110229445, -10.488714293717015, 1.1, 1.1
34.817501330710584, -10.116288586301339, 1.1, 1.1
34.55477961552239, -9.74389559470228, 1.1, 1.1
34.29214581266821, -9.371256229243997, 1.1, 1.1
34.02962889118125, -8.998326259604578, 1.1, 1.1
33.76722227134415, -8.625124054161514, 1.1, 1.1
33.50491919066972, -8.25166834683214, 1.1, 1.1
33.24271288667069, -7.877977505993946, 1.1, 1.1
32.98059677962976, -7.504070082794338, 1.1, 1.1
32.718564015674765, -7.129964536995772, 1.1, 1.1
32.45660801508835, -6.755679511130617, 1.1, 1.1
32.19472201538331, -6.381233464961321, 1.1, 1.1
31.932899345457358, -6.006644858250344, 1.1, 1.1
31.67113324282327, -5.631932333530051, 1.1, 1.1
31.40941694499383, -5.25711425917793, 1.1, 1.1
31.147743963636643, -4.882209186341395, 1.1, 1.1
30.8861073534946, -4.507235757552819, 1.1, 1.1
30.62450053485036, -4.132212341189691, 1.1, 1.1
30.362916745216705, -3.757157488399419, 1.1, 1.1
30.101349313491372, -3.3820898417143836, 1.1, 1.1
29.839791568572053, -3.007027769512064, 1.1, 1.1
29.578236747971555, -2.631989731554913, 1.1, 1.1
29.31667818058758, -2.2569944617602746, 1.1, 1.1
29.055109103932903, -1.8820603285056248, 1.1, 1.1
28.793522846905255, -1.5072058829383814, 1.1, 1.1
28.531912647017414, -1.1324496762059546, 1.1, 1.1
28.270271924552034, -0.7578101680707968, 1.1, 1.1
28.008593825636968, -0.3833058182953528, 1.1, 1.1
27.746871770554858, -0.008955269411998227, 1.1, 1.1
27.485098996818508, 0.3652229274318493, 1.1, 1.1
27.223268833325633, 0.7392104038587176, 1.1, 1.1
26.96137442620403, 1.1129886087211744, 1.1, 1.1
26.69940928712135, 1.4865388994868585, 1.1, 1.1
26.43736656220542, 1.8598429077782834, 1.1, 1.1
26.175239580353953, 2.232882082448031, 1.1, 1.1
25.913021670464673, 2.605637872348699, 1.1, 1.1
25.650706070050358, 2.9780918177178197, 1.1, 1.1
25.38814436993169, 3.350441766999485, 1.1, 1.1
25.124586756490398, 3.723804992746685, 1.1, 1.1
24.85912376657846, 4.099542308437807, 1.1, 1.1
24.59084575427796, 4.4790148017061195, 1.1, 1.1
24.317487377750503, 4.8598975477175905, 1.1, 1.1
24.01484286225203, 5.180233003974888, 1.1, 1.1
23.641058717367006, 5.330047866765695, 1.1, 1.1
23.185588387329297, 5.272081471125851, 1.1, 1.1
22.711308290435404, 5.140105775503243, 1.1, 1.1
22.264971796026657, 5.039154909150455, 1.1, 1.1
21.83241204165778, 4.95265885926017, 1.1, 1.1
21.393372453744366, 4.85128972393347, 1.1, 1.1
20.946313469821142, 4.738477729127279, 1.1, 1.1
20.497751111877857, 4.630974469569633, 1.1, 1.1
20.0497458366667, 4.5317925419382945, 1.1, 1.1
19.60227982411996, 4.437564410360686, 1.1, 1.1
19.1553241052045, 4.344888452373193, 1.1, 1.1
18.708848705652574, 4.25065968110085, 1.1, 1.1
18.26281698009417, 4.154037629042439, 1.1, 1.1
17.817188810530702, 4.055226632974369, 1.1, 1.1
17.371924444503428, 3.954436786925726, 1.1, 1.1
16.926983855398714, 3.8518778193857033, 1.1, 1.1
16.482327107987896, 3.747759732998413, 1.1, 1.1
16.037914084272387, 3.6422924390229947, 1.1, 1.1
15.593705031793451, 3.535685757333623, 1.1, 1.1
15.149659832552496, 3.428149690574402, 1.1, 1.1
14.705738642705814, 3.319894150004464, 1.1, 1.1
14.261901435639786, 3.211128955497991, 1.1, 1.1
13.818108276125736, 3.102064109699095, 1.1, 1.1
13.374319137550042, 2.9929094324819348, 1.1, 1.1
12.930494176069, 2.8838749264906234, 1.1, 1.1
12.486593365068986, 2.7751705029842926, 1.1, 1.1
12.042576769321325, 2.667005981837131, 1.1, 1.1
11.598404453597377, 2.5595912743082634, 1.1, 1.1
11.15404388485041, 2.453096630583061, 1.1, 1.1
10.709493418151123, 2.3475289045337244, 1.1, 1.1
10.26475935906193, 2.242853187104528, 1.1, 1.1
9.819847830375336, 2.1390344778547794, 1.1, 1.1
9.374765046268772, 2.036037867728768, 1.1, 1.1
8.929517403689655, 1.9338282649008514, 1.1, 1.1
8.484111025430465, 1.8323708517002537, 1.1, 1.1
8.038552125668673, 1.7316305363013482, 1.1, 1.1
7.592847009966678, 1.6315724096484008, 1.1, 1.1
7.147001892501931, 1.5321615626857004, 1.1, 1.1
6.701022896066964, 1.4333629035875899, 1.1, 1.1
6.254916417609142, 1.3351415232983506, 1.1, 1.1
5.808688579920951, 1.2374625127622711, 1.1, 1.1
5.362345688564824, 1.1402908715386526, 1.1, 1.1
4.915893866333261, 1.0435915991868256, 1.1, 1.1
4.4693395101736275, 0.9473297866510639, 1.1, 1.1
4.022688651493475, 0.8514703421057181, 1.1, 1.1
3.575948052780016, 0.7559777168003342, 1.1, 1.1
3.129126852529535, 0.6608100564220268, 1.1, 1.1
2.6822355600127343, 0.5659228564940045, 1.1, 1.1
2.235284501730359, 0.47127170392442624, 1.1, 1.1
1.7882842783381079, 0.37681209423650047, 1.1, 1.1
1.3412453077217041, 0.2824996143384011, 1.1, 1.1
0.8941779163819213, 0.18828975975332168, 1.1, 1.1
0.4470927049744288, 0.09413802600446339, 1.1, 1.1
